SMILES,Protein,Y
CNCCCC(CNC(CN)Cc2ccc1ccccc1c2)NCCCc3cccc4ccccc34,MADPKTKGRGSGGNGSGRRLVIVESPTKARKLASYLGSGYIVESSRGHIRDLPRAASDVPAKYKSQPWARLGVNVDADFEPLYIISPEKRSTVSELRGLLKDVDELYLATDGDREGEAIAWHLLETLKPRIPVKRMVFHEITEPAIRAAAEHPRDLDIDLVDAQETRRILDRLYGYEVSPVLWKKVAPKLSAGRVQSVATRIIVARERDRMAFRSAAYWDILAKLDASVSDPDAAPPTFSARLTAVAGRRVATGRDFDSLGTLRKGDEVIVLDEGSATALAAGLDGTQLTVASAEEKPYARRPYPPFMTSTLQQEASRKLRFSAERTMSIAQRLYENGYITYMRTDSTTLSESAINAARTQARQLYGDEYVAPAPRQYTRKVKNAQEAHEAIRPAGETFATPDAVRRELDGPNIDDFRLYELIWQRTVASQMADARGMTLSLRITGMSGHQEVVFSATGRTLTFPGFLKAYVETVDELVGGEADDAERRLPHLTPGQRLDIVELTPDGHATNPPARYTEASLVKALEELGIGRPSTYSSIIKTIQDRGYVHKKGSALVPSWVAFAVTGLLEQHFGRLVDYDFTAAMEDELDEIAAGNERRTNWLNNFYFGGDHGVPDSVARSGGLKKLVGINLEGIDAREVNSIKLFDDTHGRPIYVRVGKNGPYLERLVAGDTGEPTPQRANLSDSITPDELTLQVAEELFATPQQGRTLGLDPETGHEIVAREGRFGPYVTEILPEPAADAAAAAQGVKKRQKAAGPKPRTGSLLRSMDLQTVTLEDALRLLSLPRVVGVDPASGEEITAQNGRYGPYLKRGNDSRSLVTEDQIFTITLDEALKIYAEPKRRGRQSASAPPLRELGTDPASGKPMVIKDGRFGPYVTDGETNASLRKGDDVASITDERAAELLADRRARGPAKRPARKAARKVPAKKAAKRD,1
COC1=C(C=CC(=C1)NS(=O)(=O)C)NC2=C3C=CC=CC3=NC4=CC=CC=C42,MADPKTKGRGSGGNGSGRRLVIVESPTKARKLASYLGSGYIVESSRGHIRDLPRAASDVPAKYKSQPWARLGVNVDADFEPLYIISPEKRSTVSELRGLLKDVDELYLATDGDREGEAIAWHLLETLKPRIPVKRMVFHEITEPAIRAAAEHPRDLDIDLVDAQETRRILDRLYGYEVSPVLWKKVAPKLSAGRVQSVATRIIVARERDRMAFRSAAYWDILAKLDASVSDPDAAPPTFSARLTAVAGRRVATGRDFDSLGTLRKGDEVIVLDEGSATALAAGLDGTQLTVASAEEKPYARRPYPPFMTSTLQQEASRKLRFSAERTMSIAQRLYENGYITYMRTDSTTLSESAINAARTQARQLYGDEYVAPAPRQYTRKVKNAQEAHEAIRPAGETFATPDAVRRELDGPNIDDFRLYELIWQRTVASQMADARGMTLSLRITGMSGHQEVVFSATGRTLTFPGFLKAYVETVDELVGGEADDAERRLPHLTPGQRLDIVELTPDGHATNPPARYTEASLVKALEELGIGRPSTYSSIIKTIQDRGYVHKKGSALVPSWVAFAVTGLLEQHFGRLVDYDFTAAMEDELDEIAAGNERRTNWLNNFYFGGDHGVPDSVARSGGLKKLVGINLEGIDAREVNSIKLFDDTHGRPIYVRVGKNGPYLERLVAGDTGEPTPQRANLSDSITPDELTLQVAEELFATPQQGRTLGLDPETGHEIVAREGRFGPYVTEILPEPAADAAAAAQGVKKRQKAAGPKPRTGSLLRSMDLQTVTLEDALRLLSLPRVVGVDPASGEEITAQNGRYGPYLKRGNDSRSLVTEDQIFTITLDEALKIYAEPKRRGRQSASAPPLRELGTDPASGKPMVIKDGRFGPYVTDGETNASLRKGDDVASITDERAAELLADRRARGPAKRPARKAARKVPAKKAAKRD,1
CCCCCC(CC(=O)NO)C(=O)NC(C(C)C)C(=O)N1CCCC1CO,MAVVPIRIVGDPVLHTATTPVTVAADGSLPADLAQLIATMYDTMDAANGVGLAANQIGCSLRLFVYDCAADRAMTARRRGVVINPVLETSEIPETMPDPDTDDEGCLSVPGESFPTGRAKWARVTGLDADGSPVSIEGTGLFARMLQHETGHLDGFLYLDRLIGRYARNAKRAVKSHGWGVPGLSWLPGEDPDPFGH,1
CCCCC(CN(O)C=O)C(=O)NC(C(=O)N(C)C)C(C)(C)C,MAVVPIRIVGDPVLHTATTPVTVAADGSLPADLAQLIATMYDTMDAANGVGLAANQIGCSLRLFVYDCAADRAMTARRRGVVINPVLETSEIPETMPDPDTDDEGCLSVPGESFPTGRAKWARVTGLDADGSPVSIEGTGLFARMLQHETGHLDGFLYLDRLIGRYARNAKRAVKSHGWGVPGLSWLPGEDPDPFGH,1
CCOC(=O)C(NC(=O)C(=O)c1ccc([N+](=O)O)cc1)C(C)C,MAVVPIRIVGDPVLHTATTPVTVAADGSLPADLAQLIATMYDTMDAANGVGLAANQIGCSLRLFVYDCAADRAMTARRRGVVINPVLETSEIPETMPDPDTDDEGCLSVPGESFPTGRAKWARVTGLDADGSPVSIEGTGLFARMLQHETGHLDGFLYLDRLIGRYARNAKRAVKSHGWGVPGLSWLPGEDPDPFGH,1
CCCCC(CN(O)C=O)C(=O)N1CCCC1C(=O)Nc2ccccn2,MAVVPIRIVGDPVLHTATTPVTVAADGSLPADLAQLIATMYDTMDAANGVGLAANQIGCSLRLFVYDCAADRAMTARRRGVVINPVLETSEIPETMPDPDTDDEGCLSVPGESFPTGRAKWARVTGLDADGSPVSIEGTGLFARMLQHETGHLDGFLYLDRLIGRYARNAKRAVKSHGWGVPGLSWLPGEDPDPFGH,1
COC4C1CC(C)CC2(O1)OC(C(C)C(=O)C2C)C(C)C(O)CC(=O)OC(C(C)CC(C)C(=O)c3cc(O)c(C)c(O)c3)CCCCC(C)C4OC(C)=O,MLSAFISSLRTVDLRRKILFTLGIVILYRVGAALPSPGVNFPNVQQCIKEASAGEAGQIYSLINLFSGGALLKLTVFAVGVMPYITASIIVQLLTVVIPRFEELRKEGQAGQSKMTQYTRYLAIALAILQATSIVALAANGGLLQGCSLDIIADQSIFTLVVIVLVMTGGAALVMWMGELITERGIGNGMSLLIFVGIAARIPAEGQSILESRGGVVFTAVCAAALIIIVGVVFVEQGQRRIPVQYAKRMVGRRMYGGTSTYLPLKVNQAGVIPVIFASSLIYIPHLITQLIRSGSGVVGNSWWDKFVGTYLSDPSNLVYIGIYFGLIIFFTYFYVSITFNPDERADEMKKFGGFIPGIRPGRPTADYLRYVLSRITLPGSIYLGVIAVLPNLFLQIGAGGTVQNLPFGGTAVLIMIGVGLDTVKQIESQLMQRNYEGFLK,1
OB1OCc2ccccc12,MTESPTAGPGGVPRADDADSDVPRYRYTAELAARLERTWQENWARLGTFNVPNPVGSLAPPDGAAVPDDKLFVQDMFPYPSGEGLHVGHPLGYIATDVYARYFRMVGRNVLHALGFDAFGLPAEQYAVQTGTHPRTRTEANVVNFRRQLGRLGFGHDSRRSFSTTDVDFYRWTQWIFLQIYNAWFDTTANKARPISELVAEFESGARCLDGGRDWAKLTAGERADVIDEYRLVYRADSLVNWCPGLGTVLANEEVTADGRSDRGNFPVFRKRLRQWMMRITAYADRLLDDLDVLDWPEQVKTMQRNWIGRSTGAVALFSARAASDDGFEVDIEVFTTRPDTLFGATYLVLAPEHDLVDELVAASWPAGVNPLWTYGGGTPGEAIAAYRRAIAAKSDLERQESREKTGVFLGSYAINPANGEPVPIFIADYVLAGYGTGAIMAVPGHDQRDWDFARAFGLPIVEVIAGGNISESAYTGDGILVNSDYLNGMSVPAAKRAIVDRLESAGRGRARIEFKLRDWLFARQRYWGEPFPIVYDSDGRPHALDEAALPVELPDVPDYSPVLFDPDDADSEPSPPLAKATEWVHVDLDLGDGLKPYSRDTNVMPQWAGSSWYELRYTDPHNSERFCAKENEAYWMGPRPAEHGPDDPGGVDLYVGGAEHAVLHLLYSRFWHKVLYDLGHVSSREPYRRLVNQGYIQAYAYTDARGSYVPAEQVIERGDRFVYPGPDGEVEVFQEFGKIGKSLKNSVSPDEICDAYGADTLRVYEMSMGPLEASRPWATKDVVGAYRFLQRVWRLVVDEHTGETRVADGVELDIDTLRALHRTIVGVSEDFAALRNNTATAKLIEYTNHLTKKHRDAVPRAAVEPLVQMLAPLAPHIAEELWLRLGNTTSLAHGPFPKADAAYLVDETVEYPVQVNGKVRGRVVVAADTDEETLKAAVLTDEKVQAFLAGATPRKVIVVAGRLVNLVI,1
CCOc1ccc(Br)c2c1B(O)OC2CN,MTESPTAGPGGVPRADDADSDVPRYRYTAELAARLERTWQENWARLGTFNVPNPVGSLAPPDGAAVPDDKLFVQDMFPYPSGEGLHVGHPLGYIATDVYARYFRMVGRNVLHALGFDAFGLPAEQYAVQTGTHPRTRTEANVVNFRRQLGRLGFGHDSRRSFSTTDVDFYRWTQWIFLQIYNAWFDTTANKARPISELVAEFESGARCLDGGRDWAKLTAGERADVIDEYRLVYRADSLVNWCPGLGTVLANEEVTADGRSDRGNFPVFRKRLRQWMMRITAYADRLLDDLDVLDWPEQVKTMQRNWIGRSTGAVALFSARAASDDGFEVDIEVFTTRPDTLFGATYLVLAPEHDLVDELVAASWPAGVNPLWTYGGGTPGEAIAAYRRAIAAKSDLERQESREKTGVFLGSYAINPANGEPVPIFIADYVLAGYGTGAIMAVPGHDQRDWDFARAFGLPIVEVIAGGNISESAYTGDGILVNSDYLNGMSVPAAKRAIVDRLESAGRGRARIEFKLRDWLFARQRYWGEPFPIVYDSDGRPHALDEAALPVELPDVPDYSPVLFDPDDADSEPSPPLAKATEWVHVDLDLGDGLKPYSRDTNVMPQWAGSSWYELRYTDPHNSERFCAKENEAYWMGPRPAEHGPDDPGGVDLYVGGAEHAVLHLLYSRFWHKVLYDLGHVSSREPYRRLVNQGYIQAYAYTDARGSYVPAEQVIERGDRFVYPGPDGEVEVFQEFGKIGKSLKNSVSPDEICDAYGADTLRVYEMSMGPLEASRPWATKDVVGAYRFLQRVWRLVVDEHTGETRVADGVELDIDTLRALHRTIVGVSEDFAALRNNTATAKLIEYTNHLTKKHRDAVPRAAVEPLVQMLAPLAPHIAEELWLRLGNTTSLAHGPFPKADAAYLVDETVEYPVQVNGKVRGRVVVAADTDEETLKAAVLTDEKVQAFLAGATPRKVIVVAGRLVNLVI,1
C(C(C(=O)O)N)OC(=O)C=[N+]=[N-],MTPKRVGLYNPAFEHDSCGVAMVVDMHGRRSRDIVDKAITALLNLEHRGAQGAEPRSGDGAGILIQVPDEFLREAVDFELPAPGSYATGIAFLPQSSKDAAAACAAVQKIAEAEGLQVLGWRSVPTDDSSLGALSRDAMPTFRQVFLAGASGMALERRCYVVRKRAEHELGTKGPGQDGPGRETVYFPSLSGQTLVYKGMLTTPQLKAFYLDLQDERLTSALGIVHSRFSTNTFPSWPLAHPFRRIAHNGEINTVTGNENWMRAREALIKTDIFGSAADVEKLFPICTPGASDTARFDEVLELLHLGGRSLAHAVLMMIPEAWERHESMDPARRAFYQYHASLMEPWDGPASMTFTDGTVVGAVLDRNGLRPSRIWVTDDGLVVMASEAGVLDLHPSTVVRRMRLQPGRMFLVDTAQGRIVSDEEIKADLAAEHPYQEWLDNGLVPLDELPEGKDVRMPHHRIVMRQLAFGYTYEELNLLVAPMARLGAEPIGSMGTDTPVAVLSQRPRMLYDYFHQLFAQVTNPPLDAIREEVVTSLQGTTGGERDLLNPDQNSCHQIVLPQPILRNHELAKLVSLDPNDKVNGRPHGLRSKVIRCLYRVSEGGAGLAAALEEVRGAAAAAIADGARIIILSDRESDEEMAPIPSLLAVAGVHHHLVRERTRTQVGLVVESGDAREVHHMAALVGFGAAAINPYLVFESIEDMLDRGVIEGIDRTAALNNYIKAAGKGVLKVMSKMGISTLASYTGAQLFQAVGISEQVLDEYFTGLTCPTGGITLDDIAADVAARHRLAYLDRPDERAHRELEVGGEYQWRREGEYHLFNPETVFKLQHSTRTGQYKIFKEYTRLVDDQSERMASLRGLLKFRTGVRPPVPLDEVEPASEIVKRFSTGAMSYGSISAEAHETLAIAMNRLGARSNCGEGGEDVKRFDRDPNGDWRRSAIKQVASARFGVTSHYLTNCTDLQIKMAQGAKPGEGGQLPGHKVYPWVAEVRHSTPGVGLISPPPHHDIYSIEDLAQLIHDLKNANPSARVHVKLVSENGVGTVAAGVSKAHADVVLISGHDGGTGATPLTSMKHAGAPWELGLAETQQTLLLNGLRDRIVVQVDGQLKTGRDVMIATLLGAEEFGFATAPLVVAGCIMMRVCHLDTCPVGVATQNPLLRERFTGKPEFVENFFMFIAEEVREYLAQLGFRTVNEAVGQAGALDTTLARAHWKAHKLDLAPVLHEPESAFMNQDLYCSSRQDHGLDKALDQQLIVMSREALDSGKPVRFSTTIGNVNRTVGTMLGHELTKAYGGQGLPDGTIDITFDGSAGNSFGAFVPKGITLRVYGDANDYVGKGLSGGRIVVRPSDDAPQDYVAEDNIIGGNVILFGATSGEVYLRGVVGERFAVRNSGAHAVVEGVGDHGCEYMTGGRVVILGRTGRNFAAGMSGGVAYVYDPDGELPANLNSEMVELETLDEDDADWLHGTIQVHVDATDSAVGQRILSDWSGQQRHFVKVMPRDYKRVLQAIALAERDGVDVDKAIMAAAHG,1
C1=CC(=C(C=C1C=CC(=O)C2=C(C=C(C=C2)O)O)O)O,MTIHEHDRVSADRGGDSPHTTHALVDRLMAGEPYAVAFGGQGSAWLETLEELVSATGIETELATLVGEAELLLDPVTDELIVVRPIGFEPLQWVRALAAEDPVPSDKHLTSAAVSVPGVLLTQIAATRALARQGMDLVATPPVAMAGHSQGVLAVEALKAGGARDVELFALAQLIGAAGTLVARRRGISVLGDRPPMVSVTNADPERIGRLLDEFAQDVRTVLPPVLSIRNGRRAVVITGTPEQLSRFELYCRQISEKEEADRKNKVRGGDVFSPVFEPVQVEVGFHTPRLSDGIDIVAGWAEKAGLDVALARELADAILIRKVDWVDEITRVHAAGARWILDLGPGDILTRLTAPVIRGLGIGIVPAATRGGQRNLFTVGATPEVARAWSSYAPTVVRLPDGRVKLSTKFTRLTGRSPILLAGMTPTTVDAKIVAAAANAGHWAELAGGGQVTEEIFGNRIEQMAGLLEPGRTYQFNALFLDPYLWKLQVGGKRLVQKARQSGAAIDGVVISAGIPDLDEAVELIDELGDIGISHVVFKPGTIEQIRSVIRIATEVPTKPVIMHVEGGRAGGHHSWEDLDDLLLATYSELRSRANITVCVGGGIGTPRRAAEYLSGRWAQAYGFPLMPIDGILVGTAAMATKESTTSPSVKRMLVDTQGTDQWISAGKAQGGMASSRSQLGADIHEIDNSASRCGRLLDEVAGDAEAVAERRDEIIAAMAKTAKPYFGDVADMTYLQWLRRYVELAIGEGNSTADTASVGSPWLADTWRDRFEQMLQRAEARLHPQDFGPIQTLFTDAGLLDNPQQAIAALLARYPDAETVQLHPADVPFFVTLCKTLGKPVNFVPVIDQDVRRWWRSDSLWQAHDARYDADAVCIIPGTASVAGITRMDEPVGELLDRFEQAAIDEVLGAGVEPKDVASRRLGRADVAGPLAVVLDAPDVRWAGRTVTNPVHRIADPAEWQVHDGPENPRATHSSTGARLQTHGDDVALSVPVSGTWVDIRFTLPANTVDGGTPVIATEDATSAMRTVLAIAAGVDSPEFLPAVANGTATLTVDWHPERVADHTGVTATFGEPLAPSLTNVPDALVGPCWPAVFAAIGSAVTDTGEPVVEGLLSLVHLDHAARVVGQLPTVPAQLTVTATAANATDTDMGRVVPVSVVVTGADGAVIATLEERFAILGRTGSAELADPARAGGAVSANATDTPRRRRRDVTITAPVDMRPFAVVSGDHNPIHTDRAAALLAGLESPIVHGMWLSAAAQHAVTATDGQARPPARLVGWTARFLGMVRPGDEVDFRVERVGIDQGAEIVDVAARVGSDLVMSASARLAAPKTVYAFPGQGIQHKGMGMEVRARSKAARKVWDTADKFTRDTLGFSVLHVVRDNPTSIIASGVHYHHPDGVLYLTQFTQVAMATVAAAQVAEMREQGAFVEGAIACGHSVGEYTALACVTGIYQLEALLEMVFHRGSKMHDIVPRDELGRSNYRLAAIRPSQIDLDDADVPAFVAGIAESTGEFLEIVNFNLRGSQYAIAGTVRGLEALEAEVERRRELTGGRRSFILVPGIDVPFHSRVLRVGVAEFRRSLDRVMPRDADPDLIIGRYIPNLVPRLFTLDRDFIQEIRDLVPAEPLDEILADYDTWLRERPREMARTVFIELLAWQFASPVRWIETQDLLFIEEAAGGLGVERFVEIGVKSSPTVAGLATNTLKLPEYAHSTVEVLNAERDAAVLFATDTDPEPEPEEDEPVAESPAPDVVSEAAPVAPAASSAGPRPDDLVFDAADATLALIALSAKMRIDQIEELDSIESITDGASSRRNQLLVDLGSELNLGAIDGAAESDLAGLRSQVTKLARTYKPYGPVLSDAINDQLRTVLGPSGKRPGAIAERVKKTWELGEGWAKHVTVEVALGTREGSSVRGGAMGHLHEGALADAASVDKVIDAAVASVAARQGVSVALPSAGSGGGATIDAAALSEFTDQITGREGVLASAARLVLGQLGLDDPVNALPAAPDSELIDLVTAELGADWPRLVAPVFDPKKAVVFDDRWASAREDLVKLWLTDEGDIDADWPRLAERFEGAGHVVATQATWWQGKSLAAGRQIHASLYGRIAAGAENPEPGRYGGEVAVVTGASKGSIAASVVARLLDGGATVIATTSKLDEERLAFYRTLYRDHARYGAALWLVAANMASYSDVDALVEWIGTEQTESLGPQSIHIKDAQTPTLLFPFAAPRVVGDLSEAGSRAEMEMKVLLWAVQRLIGGLSTIGAERDIASRLHVVLPGSPNRGMFGGDGAYGEAKSALDAVVSRWHAESSWAARVSLAHALIGWTRGTGLMGHNDAIVAAVEEAGVTTYSTDEMAALLLDLCDAESKVAAARSPIKADLTGGLAEANLDMAELAAKAREQMSAAAAVDEDAEAPGAIAALPSPPRGFTPAPPPQWDDLDVDPADLVVIVGGAEIGPYGSSRTRFEMEVENELSAAGVLELAWTTGLIRWEDDPQPGWYDTESGEMVDESELVQRYHDAVVQRVGIREFVDDGAIDPDHASPLLVSVFLEKDFAFVVSSEADARAFVEFDPEHTVIRPVPDSTDWQVIRKAGTEIRVPRKTKLSRVVGGQIPTGFDPTVWGISADMAGSIDRLAVWNMVATVDAFLSSGFSPAEVMRYVHPSLVANTQGTGMGGGTSMQTMYHGNLLGRNKPNDIFQEVLPNIIAAHVVQSYVGSYGAMIHPVAACATAAVSVEEGVDKIRLGKAQLVVAGGLDDLTLEGIIGFGDMAATADTSMMCGRGIHDSKFSRPNDRRRLGFVEAQGGGTILLARGDLALRMGLPVLAVVAFAQSFGDGVHTSIPAPGLGALGAGRGGKDSPLARALAKLGVAADDVAVISKHDTSTLANDPNETELHERLADALGRSEGAPLFVVSQKSLTGHAKGGAAVFQMMGLCQILRDGVIPPNRSLDCVDDELAGSAHFVWVRDTLRLGGKFPLKAGMLTSLGFGHVSGLVALVHPQAFIASLDPAQRADYQRRADARLLAGQRRLASAIAGGAPMYQRPGDRRFDHHAPERPQEASMLLNPAARLGDGEAYIG,1
Nc5cccc(C4CC(=O)Oc3ccc(c2ccc(CN1CCOCC1)cc2)cc34)c5,MFVTGESGMAYHNPFIVNGKIRFPANTNLVRHVEKWAKVRGDKLAYRFLDFSTERDGVARDILWSDFSARNRAVGARLQQVTQPGDRVAILCPQNLDYLISFFGALYSGRIAVPLFDPAEPGHVGRLHAVLDDCAPSTILTTTDSAEGVRKFIRARSAKERPRVIAVDAVPTEVAATWQQPEANEETVAYLQYTSGSTRIPSGVQITHLNLPTNVVQVLNALEGQEGDRGVSWLPFFHDMGLITVLLASVLGHSFTFMTPAAFVRRPGRWIRELARKPGETGGTFSAAPNFAFEHAAVRGVPRDDEPPLDLSNVKGILNGSEPVSPASMRKFFEAFAPYGLKQTAVKPSYGLAEATLFVSTTPMDEVPTVIHVDRDELNNQRFVEVAADAPNAVAQVSAGKVGVSEWAVIVDADTASELPDGQIGEIWLHGNNLGTGYWGKEEESAQTFKNILKSRISESRAEGAPDDALWVRTGDYGTYFKDHLYIAGRIKDLVIIDGRNHYPQDLECTAQESTKALRVGYAAAFSVPANQLPQTVFDDSHAGLKFDPEDTSEQLVIVGERAAGTHKLDHQPIVDDIRAAIAVGHGVTVRDVLLVSAGTIPRTSSGKIGRRACRAAYLDGSLRSGVGSPTVFATSD,1
NC(=O)C3CCN(c2nc(=O)c(=Cc1ccc(Cl)cc1Cl)s2)CC3,MFVLRSHAAGLLREGDAGQQVTLAGWVARRRDHGGVIFIDLRDASGIAQVVFRDPQDTEVLAQAHRLRAEFCVSVAGVVEIRPEGNANPEIATGEIEVNATSLTVLGECAPLPFQLDEPAGEELRLKYRYLDLRRDDPAAAIRLRSRVNAAARAVLARHDFVEIETPTITRSTPEGARDFLVPARLHPGSFYALPQSPQLFKQLLMVAGMERYYQIARCYRDEDFRADRQPEFTQLDMEMSFVDAEDIIAISEEVLTELWALIGYRIPTPIPRIGYAEAMRRFGTDKPDLRFGLELVECTDFFSDTTFRVFQAPYVGAVVMPGGASQPRRTLDGWQDWAKQRGHRGLAYVLVAEDGTLGGPVAKNLTEAERTGLADHVGAKPGDCIFFSAGPVKSSRALLGAARVEIANRLGLIDPDAWAFVWVVDPPLFEPADEATAAGEVAVGSGAWTAVHHAFTAPKPEWEDRIESDTGSVLADAYDIVCNGHEIGGGSVRIHRRDIQERVFAVMGLDKAEAEEKFGFLLEAFMFGAPPHGGIAFGWDRTTALLAGMDSIREVIAFPKTGGGVDPLTDAPAPITAQQRKESGIDAQPKRVQQA,1
N#Cc5ccc(COc4ccc3CN(C(=O)/C=C/c2ccc(Cc1ccc(F)cn1)cc2)CCc3c4)cc5,MFVLRSHAAGLLREGDAGQQVTLAGWVARRRDHGGVIFIDLRDASGIAQVVFRDPQDTEVLAQAHRLRAEFCVSVAGVVEIRPEGNANPEIATGEIEVNATSLTVLGECAPLPFQLDEPAGEELRLKYRYLDLRRDDPAAAIRLRSRVNAAARAVLARHDFVEIETPTITRSTPEGARDFLVPARLHPGSFYALPQSPQLFKQLLMVAGMERYYQIARCYRDEDFRADRQPEFTQLDMEMSFVDAEDIIAISEEVLTELWALIGYRIPTPIPRIGYAEAMRRFGTDKPDLRFGLELVECTDFFSDTTFRVFQAPYVGAVVMPGGASQPRRTLDGWQDWAKQRGHRGLAYVLVAEDGTLGGPVAKNLTEAERTGLADHVGAKPGDCIFFSAGPVKSSRALLGAARVEIANRLGLIDPDAWAFVWVVDPPLFEPADEATAAGEVAVGSGAWTAVHHAFTAPKPEWEDRIESDTGSVLADAYDIVCNGHEIGGGSVRIHRRDIQERVFAVMGLDKAEAEEKFGFLLEAFMFGAPPHGGIAFGWDRTTALLAGMDSIREVIAFPKTGGGVDPLTDAPAPITAQQRKESGIDAQPKRVQQA,1
Nc3ccc(/C=C/C(=O)N2CCC(COc1cccnc1)CC2)cn3,MFVLRSHAAGLLREGDAGQQVTLAGWVARRRDHGGVIFIDLRDASGIAQVVFRDPQDTEVLAQAHRLRAEFCVSVAGVVEIRPEGNANPEIATGEIEVNATSLTVLGECAPLPFQLDEPAGEELRLKYRYLDLRRDDPAAAIRLRSRVNAAARAVLARHDFVEIETPTITRSTPEGARDFLVPARLHPGSFYALPQSPQLFKQLLMVAGMERYYQIARCYRDEDFRADRQPEFTQLDMEMSFVDAEDIIAISEEVLTELWALIGYRIPTPIPRIGYAEAMRRFGTDKPDLRFGLELVECTDFFSDTTFRVFQAPYVGAVVMPGGASQPRRTLDGWQDWAKQRGHRGLAYVLVAEDGTLGGPVAKNLTEAERTGLADHVGAKPGDCIFFSAGPVKSSRALLGAARVEIANRLGLIDPDAWAFVWVVDPPLFEPADEATAAGEVAVGSGAWTAVHHAFTAPKPEWEDRIESDTGSVLADAYDIVCNGHEIGGGSVRIHRRDIQERVFAVMGLDKAEAEEKFGFLLEAFMFGAPPHGGIAFGWDRTTALLAGMDSIREVIAFPKTGGGVDPLTDAPAPITAQQRKESGIDAQPKRVQQA,1
O=C(O)c3ccc(Nc2nc(c1cccs1)cs2)cc3O,MFVLRSHAAGLLREGDAGQQVTLAGWVARRRDHGGVIFIDLRDASGIAQVVFRDPQDTEVLAQAHRLRAEFCVSVAGVVEIRPEGNANPEIATGEIEVNATSLTVLGECAPLPFQLDEPAGEELRLKYRYLDLRRDDPAAAIRLRSRVNAAARAVLARHDFVEIETPTITRSTPEGARDFLVPARLHPGSFYALPQSPQLFKQLLMVAGMERYYQIARCYRDEDFRADRQPEFTQLDMEMSFVDAEDIIAISEEVLTELWALIGYRIPTPIPRIGYAEAMRRFGTDKPDLRFGLELVECTDFFSDTTFRVFQAPYVGAVVMPGGASQPRRTLDGWQDWAKQRGHRGLAYVLVAEDGTLGGPVAKNLTEAERTGLADHVGAKPGDCIFFSAGPVKSSRALLGAARVEIANRLGLIDPDAWAFVWVVDPPLFEPADEATAAGEVAVGSGAWTAVHHAFTAPKPEWEDRIESDTGSVLADAYDIVCNGHEIGGGSVRIHRRDIQERVFAVMGLDKAEAEEKFGFLLEAFMFGAPPHGGIAFGWDRTTALLAGMDSIREVIAFPKTGGGVDPLTDAPAPITAQQRKESGIDAQPKRVQQA,1
O=C4OC3(CCC(CNc2ccc(c1cc(F)cc(F)c1)nn2)CC3)CN4c5cccnn5,MFVLRSHAAGLLREGDAGQQVTLAGWVARRRDHGGVIFIDLRDASGIAQVVFRDPQDTEVLAQAHRLRAEFCVSVAGVVEIRPEGNANPEIATGEIEVNATSLTVLGECAPLPFQLDEPAGEELRLKYRYLDLRRDDPAAAIRLRSRVNAAARAVLARHDFVEIETPTITRSTPEGARDFLVPARLHPGSFYALPQSPQLFKQLLMVAGMERYYQIARCYRDEDFRADRQPEFTQLDMEMSFVDAEDIIAISEEVLTELWALIGYRIPTPIPRIGYAEAMRRFGTDKPDLRFGLELVECTDFFSDTTFRVFQAPYVGAVVMPGGASQPRRTLDGWQDWAKQRGHRGLAYVLVAEDGTLGGPVAKNLTEAERTGLADHVGAKPGDCIFFSAGPVKSSRALLGAARVEIANRLGLIDPDAWAFVWVVDPPLFEPADEATAAGEVAVGSGAWTAVHHAFTAPKPEWEDRIESDTGSVLADAYDIVCNGHEIGGGSVRIHRRDIQERVFAVMGLDKAEAEEKFGFLLEAFMFGAPPHGGIAFGWDRTTALLAGMDSIREVIAFPKTGGGVDPLTDAPAPITAQQRKESGIDAQPKRVQQA,1
CC(=O)OC2OC(CC(=O)/C=C/c1cccc(O)c1)C(OC(C)=O)C(OC(C)=O)C2OC(C)=O,MPNTNPVAAWKALKEGNERFVAGRPQHPSQSVDHRAGLAAGQKPTAVIFGCADSRVAAEIIFDQGLGDMFVVRTAGHVIDSAVLGSIEYAVTVLNVPLIVVLGHDSCGAVNAALAAINDGTLPGGYVRDVVERVAPSVLLGRRDGLSRVDEFEQRHVHETVAILMARSSAISERIAGGSLAIVGVTYQLDDGRAVLRDHIGNIGEEV,1
S=C(S)NCCN1CCCCC1,MPNTNPVAAWKALKEGNERFVAGRPQHPSQSVDHRAGLAAGQKPTAVIFGCADSRVAAEIIFDQGLGDMFVVRTAGHVIDSAVLGSIEYAVTVLNVPLIVVLGHDSCGAVNAALAAINDGTLPGGYVRDVVERVAPSVLLGRRDGLSRVDEFEQRHVHETVAILMARSSAISERIAGGSLAIVGVTYQLDDGRAVLRDHIGNIGEEV,1
O=C(CSc2nc1ccccc1c(=O)[nH]2)NC3CCCCC3,MTLSSGEPSAVGGRHRVVIIGSGFGGLNAAKALKRADVDITLISKTTTHLFQPLLYQVATGILSEGDIAPTTRLILRRQKNVRVLLGEVNAIDLKAQTVTSKLMDMTTVTPYDSLIVAAGAQQSYFGNDEFATFAPGMKTIDDALELRGRILGAFEAAEVSTDHAERERRLTFVVVGAGPTGVEVAGQIVELAERTLAGAFRTITPSECRVILLDAAPAVLPPMGPKLGLKAQRRLEKMDVEVQLNAMVTAVDYKGITIKEKDGGERRIECACKVWAAGVAASPLGKMIAEGSDGTEIDRAGRVIVEPDLTVKGHPNVFVVGDLMFVPGVPGVAQGAIQGARYATTVIKHMVKGNDDPANRKPFHYFNKGSMATISRHSAVAQVGKLEFAGYFAWLAWLVLHLVYLVGYRNRIAALFAWGISFMGRARGQMAITSQMIYARLVMTLMEQQAQGALAAAEQAEHAEQEAAG,1
CCOC(=O)c2sc(c1ccccc1)nc2N4CCC(NCc3ccc(F)c(C)c3C)CC4,MAAQKKKAQDEYGAASITILEGLEAVRKRPGMYIGSTGERGLHHLIWEVVDNAVDEAMAGYATTVNVVLLEDGGVEVADDGRGIPVATHASGIPTVDVVMTQLHAGGKFDSDAYAISGGLHGVGVSVVNALSTRLEVEIKRDGYEWSQVYEKSEPLGLKQGAPTKKTGSTVRFWADPAVFETTEYDFETVARRLQEMAFLNKGLTINLTDERVTQDEVVDEVVSDVAEAPKSASERAAESTAPHKVKSRTFHYPGGLVDFVKHINRTKNAIHSSIVDFSGKGTGHEVEIAMQWNAGYSESVHTFANTINTHEGGTHEEGFRSALTSVVNKYAKDRKLLKDKDPNLTGDDIREGLAAVISVKVSEPQFEGQTKTKLGNTEVKSFVQKVCNEQLTHWFEANPTDAKVVVNKAVSSAQARIAARKARELVRRKSATDIGGLPGKLADCRSTDPRKSELYVVEGDSAGGSAKSGRDSMFQAILPLRGKIINVEKARIDRVLKNTEVQAIITALGTGIHDEFDIGKLRYHKIVLMADADVDGQHISTLLLTLLFRFMRPLIENGHVFLAQPPLYKLKWQRSDPEFAYSDRERDGLLEAGLKAGKKINKEDGIQRYKGLGEMDAKELWETTMDPSVRVLRQVTLDDAAAADELFSILMGEDVDARRSFITRNAKDVRFLDV,1
CCNC(=O)Nc4nc3cc(c1cnc(C(C)(C)O)nc1)c(F)c(C2CCCO2)c3[nH]4,MAAQKKKAQDEYGAASITILEGLEAVRKRPGMYIGSTGERGLHHLIWEVVDNAVDEAMAGYATTVNVVLLEDGGVEVADDGRGIPVATHASGIPTVDVVMTQLHAGGKFDSDAYAISGGLHGVGVSVVNALSTRLEVEIKRDGYEWSQVYEKSEPLGLKQGAPTKKTGSTVRFWADPAVFETTEYDFETVARRLQEMAFLNKGLTINLTDERVTQDEVVDEVVSDVAEAPKSASERAAESTAPHKVKSRTFHYPGGLVDFVKHINRTKNAIHSSIVDFSGKGTGHEVEIAMQWNAGYSESVHTFANTINTHEGGTHEEGFRSALTSVVNKYAKDRKLLKDKDPNLTGDDIREGLAAVISVKVSEPQFEGQTKTKLGNTEVKSFVQKVCNEQLTHWFEANPTDAKVVVNKAVSSAQARIAARKARELVRRKSATDIGGLPGKLADCRSTDPRKSELYVVEGDSAGGSAKSGRDSMFQAILPLRGKIINVEKARIDRVLKNTEVQAIITALGTGIHDEFDIGKLRYHKIVLMADADVDGQHISTLLLTLLFRFMRPLIENGHVFLAQPPLYKLKWQRSDPEFAYSDRERDGLLEAGLKAGKKINKEDGIQRYKGLGEMDAKELWETTMDPSVRVLRQVTLDDAAAADELFSILMGEDVDARRSFITRNAKDVRFLDV,1
Cc3ccc(C(=O)C1C=NC(=S)NC1c2ccc(F)cc2)cc3,MFYDDDADLSIIQGRKVGVIGYGSQGHAHSLSLRDSGVQVRVGLKQGSRSRPKVEEQGLDVDTPAEVAKWADVVMVLAPDTAQAEIFAGDIEPNLKPGDALFFGHGLNVHFGLIKPPADVAVAMVAPKGPGHLVRRQFVDGKGVPCLVAVEQDPRGDGLALALSYAKAIGGTRAGVIKTTFKDETETDLFGEQTVLCGGTEELVKAGFEVMVEAGYPAELAYFEVLHELKLIVDLMYEGGLARMYYSVSDTAEFGGYLSGPRVIDAGTKERMRDILREIQDGSFVHKLVADVEGGNKQLEELRRQNAEHPIEVVGKKLRDLMSWVDRPITETA,1
COc3ccc(NC(=O)Nc2nnc(c1ccc([N+](=O)O)s1)s2)cc3,MFYDDDADLSIIQGRKVGVIGYGSQGHAHSLSLRDSGVQVRVGLKQGSRSRPKVEEQGLDVDTPAEVAKWADVVMVLAPDTAQAEIFAGDIEPNLKPGDALFFGHGLNVHFGLIKPPADVAVAMVAPKGPGHLVRRQFVDGKGVPCLVAVEQDPRGDGLALALSYAKAIGGTRAGVIKTTFKDETETDLFGEQTVLCGGTEELVKAGFEVMVEAGYPAELAYFEVLHELKLIVDLMYEGGLARMYYSVSDTAEFGGYLSGPRVIDAGTKERMRDILREIQDGSFVHKLVADVEGGNKQLEELRRQNAEHPIEVVGKKLRDLMSWVDRPITETA,1
CCCCCCCCNCc3ccc(CNC(=O)c1csc2nc[nH]c(=O)c12)cc3,MRIDIVTIFPACLDPLRQSLPGKAIESGLVDLNVHDLRRWTHDVHHSVDDAPYGGGPGMVMKAPVWGEALDEICSSETLLIVPTPAGVLFTQATAQRWTTESHLVFACGRYEGIDQRVVQDAARRMRVEEVSIGDYVLPGGESAAVVMVEAVLRLLAGVLGNPASHQDDSHSTGLDGLLEGPSYTRPASWRGLDVPEVLLSGDHARIAAWRREVSLQRTRERRPDLSHPD,1
CC(C)N1CCNCC1Cc5ccc(CN4CCc3ccc(c2[nH]nc(N)c2C#N)cc34)cc5,MRIDIVTIFPACLDPLRQSLPGKAIESGLVDLNVHDLRRWTHDVHHSVDDAPYGGGPGMVMKAPVWGEALDEICSSETLLIVPTPAGVLFTQATAQRWTTESHLVFACGRYEGIDQRVVQDAARRMRVEEVSIGDYVLPGGESAAVVMVEAVLRLLAGVLGNPASHQDDSHSTGLDGLLEGPSYTRPASWRGLDVPEVLLSGDHARIAAWRREVSLQRTRERRPDLSHPD,1
CCOP(=O)(CCCN(O)C(=O)CCCc1ccccc1)OCC,MTNSTDGRADGRLRVVVLGSTGSIGTQALQVIADNPDRFEVVGLAAGGAHLDTLLRQRAQTGVTNIAVADEHAAQRVGDIPYHGSDAATRLVEQTEADVVLNALVGALGLRPTLAALKTGARLALANKESLVAGGSLVLRAARPGQIVPVDSEHSALAQCLRGGTPDEVAKLVLTASGGPFRGWSAADLEHVTPEQAGAHPTWSMGPMNTLNSASLVNKGLEVIETHLLFGIPYDRIDVVVHPQSIIHSMVTFIDGSTIAQASPPDMKLPISLALGWPRRVSGAAAACDFHTASSWEFEPLDTDVFPAVELARQAGVAGGCMTAVYNAANEEAAAAFLAGRIGFPAIVGIIADVLHAADQWAVEPATVDDVLDAQRWARERAQRAVSGMASVAIASTAKPGAAGRHASTLERS,1
COc2ccc(S(=O)(=O)N1CCCCCC1)cc2NC(=O)Cc3n[nH]c(=O)c4ccccc34,MAVDADSANYRIEHDTMGEVRVPAKALWRAQTQRAVENFPISGRGLERTQIRALGLLKGACAQVNSDLGLLAPEKADAIIAAAAEIADGQHDDQFPIDVFQTGSGTSSNMNTNEVIASIAAKGGVTLHPNDDVNMSQSSNDTFPTATHIAATEAAVAHLIPALQQLHDALAAKALDWHTVVKSGRTHLMDAVPVTLGQEFSGYARQIEAGIERVRACLPRLGELAIGGTAVGTGLNAPDDFGVRVVAVLVAQTGLSELRTAANSFEAQAARDGLVEASGALRTIAVSLTKIANDIRWMGSGPLTGLAEIQLPDLQPGSSIMPGKVNPVLPEAVTQVAAQVIGNDAAIAWGGANGAFELNVYIPMMARNILESFKLLTNVSRLFAQRCIAGLTANVEHLRRLAESSPSIVTPLNSAIGYEEAAAVAKQALKERKTIRQTVIDRGLIGDRLSIEDLDRRLDVLAMAKAEQLDSDRL,1
O=C(O)c4cccc(n3c(=O)sc(=Cc2ccc(c1ccccc1Cl)o2)c3=O)c4,MAFSVQMPALGESVTEGTVTRWLKQEGDTVELDEPLVEVSTDKVDTEIPSPAAGVLTKIIAQEDDTVEVGGELAVIGDAKDAGEAAAPAPEKVPAAQPESKPAPEPPPVQPTSGAPAGGDAKPVLMPELGESVTEGTVIRWLKKIGDSVQVDEPLVEVSTDKVDTEIPSPVAGVLVSISADEDATVPVGGELARIGVAADIGAAPAPKPAPKPVPEPAPTPKAEPAPSPPAAQPAGAAEGAPYVTPLVRKLASENNIDLAGVTGTGVGGRIRKQDVLAAAEQKKRAKAPAPAAQAAAAPAPKAPPAPAPALAHLRGTTQKASRIRQITANKTRESLQATAQLTQTHEVDMTKIVGLRARAKAAFAEREGVNLTFLPFFAKAVIDALKIHPNINASYNEDTKEITYYDAEHLGFAVDTEQGLLSPVIHDAGDLSLAGLARAIADIAARARSGNLKPDELSGGTFTITNIGSQGALFDTPILVPPQAAMLGTGAIVKRPRVVVDASGNESIGVRSVCYLPLTYDHRLIDGADAGRFLTTIKHRLEEGAFEADLGL,1
COc4c(N2CC(C)(N)C1(CC1)C2)c(F)cc5c(=O)c(C(=O)O)cn(C3CC3F)c45,MTDTTLPPDDSLDRIEPVDIEQEMQRSYIDYAMSVIVGRALPEVRDGLKPVHRRVLYAMFDSGFRPDRSHAKSARSVAETMGNYHPHGDASIYDSLVRMAQPWSLRYPLVDGQGNFGSPGNDPPAAMRYTEARLTPLAMEMLREIDEETVDFIPNYDGRVQEPTVLPSRFPNLLANGSGGIAVGMATNIPPHNLRELADAVFWALENHDADEEETLAAVMGRVKGPDFPTAGLIVGSQGTADAYKTGRGSIRMRGVVEVEEDSRGRTSLVITELPYQVNHDNFITSIAEQVRDGKLAGISNIEDQSSDRVGLRIVIEIKRDAVAKVVINNLYKHTQLQTSFGANMLAIVDGVPRTLRLDQLIRYYVDHQLDVIVRRTTYRLRKANERAHILRGLVKALDALDEVIALIRASETVDIARAGLIELLDIDEIQAQAILDMQLRRLAALERQRIIDDLAKIEAEIADLEDILAKPERQRGIVRDELAEIVDRHGDDRRTRIIAADGDVSDEDLIAREDVVVTITETGYAKRTKTDLYRSQKRGGKGVQGAGLKQDDIVAHFFVCSTHDLILFFTTQGRVYRAKAYDLPEASRTARGQHVANLLAFQPEERIAQVIQIRGYTDAPYLVLATRNGLVKKSKLTDFDSNRSGGIVAVNLRDNDELVGAVLCSAGDDLLLVSANGQSIRFSATDEALRPMGRATSGVQGMRFNIDDRLLSLNVVREGTYLLVATSGGYAKRTAIEEYPVQGRGGKGVLTVMYDRRRGRLVGALIVDDDSELYAVTSGGGVIRTAARQVRKAGRQTKGVRLMNLGEGDTLLAIARNAEESGDDNAVDANGADQTGN,1
c2nc(N1CCNCC1)cc3CCS[n+]23,MSRSEKLTGEHLAPEPAEMARLVAGTHHNPHGILGAHEYDDHTVIRAFRPHAVEVVALVGKDRFSLQHLDSGLFAVALPFVDLIDYRLQVTYEGCEPHTVADAYRFLPTLGEVDLHLFAEGRHERLWEVLGAHPRSFTTADGVVSGVSFAVWAPNAKGVSLIGEFNGWNGHEAPMRVLGPSGVWELFWPDFPCDGLYKFRVHGADGVVTDRADPFAFGTEVPPQTASRVTSSDYTWGDDDWMAGRALRNPVNEAMSTYEVHLGSWRPGLSYRQLARELTDYIVDQGFTHVELLPVAEHPFAGSWGYQVTSYYAPTSRFGTPDDFRALVDALHQAGIGVIVDWVPAHFPKDAWALGRFDGTPLYEHSDPKRGEQLDWGTYVFDFGRPEVRNFLVANALYWLQEFHIDGLRVDAVASMLYLDYSRPEGGWTPNVHGGRENLEAVQFLQEMNATAHKVAPGIVTIAEESTPWSGVTRPTNIGGLGFSMKWNMGWMHDTLDYVSRDPVYRSYHHHEMTFSMLYAFSENYVLPLSHDEVVHGKGTLWGRMPGNNHVKAAGLRSLLAYQWAHPGKQLLFMGQEFGQRAEWSEQRGLDWFQLDENGFSNGIQRLVRDINDIYRCHPALWSLDTTPEGYSWIDANDSANNVLSFMRYGSDGSVLACVFNFAGAEHRDYRLGLPRAGRWREVLNTDATIYHGSGIGNLGGVDATDDPWHGRPASAVLVLPPTSALWLTPA,1
N=C(NNC(=O)c1ccco1)c2ccccn2,MSRSEKLTGEHLAPEPAEMARLVAGTHHNPHGILGAHEYDDHTVIRAFRPHAVEVVALVGKDRFSLQHLDSGLFAVALPFVDLIDYRLQVTYEGCEPHTVADAYRFLPTLGEVDLHLFAEGRHERLWEVLGAHPRSFTTADGVVSGVSFAVWAPNAKGVSLIGEFNGWNGHEAPMRVLGPSGVWELFWPDFPCDGLYKFRVHGADGVVTDRADPFAFGTEVPPQTASRVTSSDYTWGDDDWMAGRALRNPVNEAMSTYEVHLGSWRPGLSYRQLARELTDYIVDQGFTHVELLPVAEHPFAGSWGYQVTSYYAPTSRFGTPDDFRALVDALHQAGIGVIVDWVPAHFPKDAWALGRFDGTPLYEHSDPKRGEQLDWGTYVFDFGRPEVRNFLVANALYWLQEFHIDGLRVDAVASMLYLDYSRPEGGWTPNVHGGRENLEAVQFLQEMNATAHKVAPGIVTIAEESTPWSGVTRPTNIGGLGFSMKWNMGWMHDTLDYVSRDPVYRSYHHHEMTFSMLYAFSENYVLPLSHDEVVHGKGTLWGRMPGNNHVKAAGLRSLLAYQWAHPGKQLLFMGQEFGQRAEWSEQRGLDWFQLDENGFSNGIQRLVRDINDIYRCHPALWSLDTTPEGYSWIDANDSANNVLSFMRYGSDGSVLACVFNFAGAEHRDYRLGLPRAGRWREVLNTDATIYHGSGIGNLGGVDATDDPWHGRPASAVLVLPPTSALWLTPA,1
CN4CCN(C3Cc1ccccc1Sc2ccc(Cl)cc23)CC4,MSAPWGPVAAGPSALVRSGQASTIEPFQREMTPPTPTPEAAHNPTMNVSRETSTEFDTPIGAAAERAMRVLHTTHEPLQRPGRRRVLTIANQKGGVGKTTTAVNIAAALAVQGLKTLVIDLDPQGNASTALGITDRQSGTPSSYEMLIGEVSLHTALRRSPHSERLFCIPATIDLAGAEIELVSMVARENRLRTALAALDNFDFDYVFVDCPPSLGLLTINALVAAPEVMIPIQCEYYALEGVSQLMRNIEMVKAHLNPQLEVTTVILTMYDGRTKLADQVADEVRQYFGSKVLRTVIPRSVKVSEAPGYSMTIIDYDPGSRGAMSYLDASRELAERDRPPSAKGRP,1
CC(C)C1CCC(C)CC1OC(=O)CN3c2ccccc2N(C)C3c4ccc(F)cc4,MSRGMSGLEDSSDLVVSPYVRMGGLTTDPVPTGGDDPHKVAMLGLTFDDVLLLPAASDVVPATADTSSQLTKKIRLKVPLVSSAMDTVTESRMAIAMARAGGMGVLHRNLPVAEQAGQVEMVKRSEAGMVTDPVTCRPDNTLAQVDALCARFRISGLPVVDDDGALVGIITNRDMRFEVDQSKQVAEVMTKAPLITAQEGVSASAALGLLRRNKIEKLPVVDGRGRLTGLITVKDFVKTEQHPLATKDSDGRLLVGAAVGVGGDAWVRAMMLVDAGVDVLVVDTAHAHNRLVLDMVGKLKSEVGDRVEVVGGNVATRSAAAALVDAGADAVKVGVGPGSICTTRVVAGVGAPQITAILEAVAACRPAGVPVIADGGLQYSGDIAKALAAGASTAMLGSLLAGTAEAPGELIFVNGKQYKSYRGMGSLGAMRGRGGATSYSKDRYFADDALSEDKLVPEGIEGRVPFRGPLSSVIHQLTGGLRAAMGYTGSPTIEVLQQAQFVRITPAGLKESHPHDVAMTVEAPNYYAR,1
O=C(CSc1ccc(Cl)cc1)Nc2ccc(Cl)c(C(F)(F)F)c2,MSRGMSGLEDSSDLVVSPYVRMGGLTTDPVPTGGDDPHKVAMLGLTFDDVLLLPAASDVVPATADTSSQLTKKIRLKVPLVSSAMDTVTESRMAIAMARAGGMGVLHRNLPVAEQAGQVEMVKRSEAGMVTDPVTCRPDNTLAQVDALCARFRISGLPVVDDDGALVGIITNRDMRFEVDQSKQVAEVMTKAPLITAQEGVSASAALGLLRRNKIEKLPVVDGRGRLTGLITVKDFVKTEQHPLATKDSDGRLLVGAAVGVGGDAWVRAMMLVDAGVDVLVVDTAHAHNRLVLDMVGKLKSEVGDRVEVVGGNVATRSAAAALVDAGADAVKVGVGPGSICTTRVVAGVGAPQITAILEAVAACRPAGVPVIADGGLQYSGDIAKALAAGASTAMLGSLLAGTAEAPGELIFVNGKQYKSYRGMGSLGAMRGRGGATSYSKDRYFADDALSEDKLVPEGIEGRVPFRGPLSSVIHQLTGGLRAAMGYTGSPTIEVLQQAQFVRITPAGLKESHPHDVAMTVEAPNYYAR,1
COc2ccc(OC(C)C(=O)Nc1ccc(I)cc1)cc2,MSRGMSGLEDSSDLVVSPYVRMGGLTTDPVPTGGDDPHKVAMLGLTFDDVLLLPAASDVVPATADTSSQLTKKIRLKVPLVSSAMDTVTESRMAIAMARAGGMGVLHRNLPVAEQAGQVEMVKRSEAGMVTDPVTCRPDNTLAQVDALCARFRISGLPVVDDDGALVGIITNRDMRFEVDQSKQVAEVMTKAPLITAQEGVSASAALGLLRRNKIEKLPVVDGRGRLTGLITVKDFVKTEQHPLATKDSDGRLLVGAAVGVGGDAWVRAMMLVDAGVDVLVVDTAHAHNRLVLDMVGKLKSEVGDRVEVVGGNVATRSAAAALVDAGADAVKVGVGPGSICTTRVVAGVGAPQITAILEAVAACRPAGVPVIADGGLQYSGDIAKALAAGASTAMLGSLLAGTAEAPGELIFVNGKQYKSYRGMGSLGAMRGRGGATSYSKDRYFADDALSEDKLVPEGIEGRVPFRGPLSSVIHQLTGGLRAAMGYTGSPTIEVLQQAQFVRITPAGLKESHPHDVAMTVEAPNYYAR,1
O=C(C1CCCCC1)N4CCN(S(=O)(=O)c2cccc3cnccc23)CC4,MSRGMSGLEDSSDLVVSPYVRMGGLTTDPVPTGGDDPHKVAMLGLTFDDVLLLPAASDVVPATADTSSQLTKKIRLKVPLVSSAMDTVTESRMAIAMARAGGMGVLHRNLPVAEQAGQVEMVKRSEAGMVTDPVTCRPDNTLAQVDALCARFRISGLPVVDDDGALVGIITNRDMRFEVDQSKQVAEVMTKAPLITAQEGVSASAALGLLRRNKIEKLPVVDGRGRLTGLITVKDFVKTEQHPLATKDSDGRLLVGAAVGVGGDAWVRAMMLVDAGVDVLVVDTAHAHNRLVLDMVGKLKSEVGDRVEVVGGNVATRSAAAALVDAGADAVKVGVGPGSICTTRVVAGVGAPQITAILEAVAACRPAGVPVIADGGLQYSGDIAKALAAGASTAMLGSLLAGTAEAPGELIFVNGKQYKSYRGMGSLGAMRGRGGATSYSKDRYFADDALSEDKLVPEGIEGRVPFRGPLSSVIHQLTGGLRAAMGYTGSPTIEVLQQAQFVRITPAGLKESHPHDVAMTVEAPNYYAR,1
CC1=C(C(SC1=O)(C)C=C(C)C=C)O,MSQPSTANGGFPSVVVTAVTATTSISPDIESTWKGLLAGESGIHALEDEFVTKWDLAVKIGGHLKDPVDSHMGRLDMRRMSYVQRMGKLLGGQLWESAGSPEVDPDRFAVVVGTGLGGAERIVESYDLMNAGGPRKVSPLAVQMIMPNGAAAVIGLQLGARAGVMTPVSACSSGSEAIAHAWRQIVMGDADVAVCGGVEGPIEALPIAAFSMMRAMSTRNDEPERASRPFDKDRDGFVFGEAGALMLIETEEHAKARGAKPLARLLGAGITSDAFHMVAPAADGVRAGRAMTRSLELAGLSPADIDHVNAHGTATPIGDAAEANAIRVAGCDQAAVYAPKSALGHSIGAVGALESVLTVLTLRDGVIPPTLNYETPDPEIDLDVVAGEPRYGDYRYAVNNSFGFGGHNVALAFGRY,1
CC(C)(C)c1ccccc1OCCCON2C(=N)NC(N)NC2(C)C,MVGLIWAQATSGVIGRGGDIPWRLPEDQAHFREITMGHTIVMGRRTWDSLPAKVRPLPGRRNVVLSRQADFMASGAEVVGSLEEALTSPETWVIGGGQVYALALPYATRCEVTEVDIGLPREAGDALAPVLDETWRGETGEWRFSRSGLRYRLYSYHRS,1
CC(C)(C)OC(=O)Nc5ccc(c3nc1ccccc1c4[nH]c2ccccc2c34)cc5,MRSPHRDAIRTARGLVVKVGTTALTTPSGMFDAGRLAGLAEAVERRMKAGSDVVIVSSGAIAAGIEPLGLSRRPKDLATKQAAASVGQVALVNSWSAAFARYGRTVGQVLLTAHDISMRVQHTNAQRTLDRLRALHAVAIVNENDTVATNEIRFGDNDRLSALVAHLVGADALVLLSDIDGLYDCDPRKTADATFIPEVSGPADLDGVVAGRSSHLGTGGMASKVAAALLAADAGVPVLLAPAADAATALADASVGTVFAARPARLSARRFWVRYAAEATGALTLDAGAVRAVVRQRRSLLAAGITAVSGRFCGGDVVELRAPDAAMVARGVVAYDASELATMVGRSTSELPGELRRPVVHADDLVAVSAKQAKQV,1
O=C(Nc2nc(c1ccccn1)cs2)c3ccccc3,MPIIEQVRAREILDSRGNPTVEVEVALIDGTFARAAVPSGASTGEHEAVELRDGGDRYGGKGVQKAVQAVLDEIGPAVIGLNADDQRLVDQALVDLDGTPDKSRLGGNAILGVSLAVAKAAADSAELPLFRYVGGPNAHILPVPMMNILNGGAHADTAVDIQEFMVAPIGAPSFVEALRWGAEVYHALKSVLKKEGLSTGLGDEGGFAPDVAGTTAALDLISRAIESAGLRPGADVALALDAAATEFFTDGTGYVFEGTTRTADQMTEFYAGLLGAYPLVSIEDPLSEDDWDGWAALTASIGDRVQIVGDDIFVTNPERLEEGIERGVANALLVKVNQIGTLTETLDAVTLAHHGGYRTMISHRSGETEDTMIADLAVAIGSGQIKTGAPARSERVAKYNQLLRIEEALGDAARYAGDLAFPRFACETK,1
CNCCC1=CC2=C(C3=C1C=CC4=CC5=C(C=C43)OCO5)OCO2,MADPKTKGRGSGGNGSGRRLVIVESPTKARKLASYLGSGYIVESSRGHIRDLPRAASDVPAKYKSQPWARLGVNVDADFEPLYIISPEKRSTVSELRGLLKDVDELYLATDGDREGEAIAWHLLETLKPRIPVKRMVFHEITEPAIRAAAEHPRDLDIDLVDAQETRRILDRLYGYEVSPVLWKKVAPKLSAGRVQSVATRIIVARERDRMAFRSAAYWDILAKLDASVSDPDAAPPTFSARLTAVAGRRVATGRDFDSLGTLRKGDEVIVLDEGSATALAAGLDGTQLTVASAEEKPYARRPYPPFMTSTLQQEASRKLRFSAERTMSIAQRLYENGYITYMRTDSTTLSESAINAARTQARQLYGDEYVAPAPRQYTRKVKNAQEAHEAIRPAGETFATPDAVRRELDGPNIDDFRLYELIWQRTVASQMADARGMTLSLRITGMSGHQEVVFSATGRTLTFPGFLKAYVETVDELVGGEADDAERRLPHLTPGQRLDIVELTPDGHATNPPARYTEASLVKALEELGIGRPSTYSSIIKTIQDRGYVHKKGSALVPSWVAFAVTGLLEQHFGRLVDYDFTAAMEDELDEIAAGNERRTNWLNNFYFGGDHGVPDSVARSGGLKKLVGINLEGIDAREVNSIKLFDDTHGRPIYVRVGKNGPYLERLVAGDTGEPTPQRANLSDSITPDELTLQVAEELFATPQQGRTLGLDPETGHEIVAREGRFGPYVTEILPEPAADAAAAAQGVKKRQKAAGPKPRTGSLLRSMDLQTVTLEDALRLLSLPRVVGVDPASGEEITAQNGRYGPYLKRGNDSRSLVTEDQIFTITLDEALKIYAEPKRRGRQSASAPPLRELGTDPASGKPMVIKDGRFGPYVTDGETNASLRKGDDVASITDERAAELLADRRARGPAKRPARKAARKVPAKKAAKRD,1
O=C(O)Cc3ccc(C(=O)CSc2nccc(c1ccsc1)n2)s3,MTFPGDTAVLVLAAGPGTRMRSDTPKVLHTLAGRSMLSHVLHAIAKLAPQRLIVVLGHDHQRIAPLVGELADTLGRTIDVALQDRPLGTGHAVLCGLSALPDDYAGNVVVTSGDTPLLDADTLADLIATHRAVSAAVTVLTTTLDDPFGYGRILRTQDHEVMAIVEQTDATPSQREIREVNAGVYAFDIAALRSALSRLSSNNAQQELYLTDVIAILRSDGQTVHASHVDDSALVAGVNNRVQLAELASELNRRVVAAHQLAGVTVVDPATTWIDVDVTIGRDTVIHPGTQLLGRTQIGGRCVVGPDTTLTDVAVGDGASVVRTHGSSSSIGDGAAVGPFTYLRPGTALGADGKLGAFVEVKNSTIGTGTKVPHLTYVGDADIGEYSNIGASSVFVNYDGTSKRRTTVGSHVRTGSDTMFVAPVTIGDGAYTGAGTVVREDVPPGALAVSAGPQRNIENWVQRKRPGSPAAQASKRASEMACQQPTQPPDADQTP,1
CCCCS(=O)(=O)Nc2ccc1cnn(C)c1c2,MSQPSTANGGFPSVVVTAVTATTSISPDIESTWKGLLAGESGIHALEDEFVTKWDLAVKIGGHLKDPVDSHMGRLDMRRMSYVQRMGKLLGGQLWESAGSPEVDPDRFAVVVGTGLGGAERIVESYDLMNAGGPRKVSPLAVQMIMPNGAAAVIGLQLGARAGVMTPVSACSSGSEAIAHAWRQIVMGDADVAVCGGVEGPIEALPIAAFSMMRAMSTRNDEPERASRPFDKDRDGFVFGEAGALMLIETEEHAKARGAKPLARLLGAGITSDAFHMVAPAADGVRAGRAMTRSLELAGLSPADIDHVNAHGTATPIGDAAEANAIRVAGCDQAAVYAPKSALGHSIGAVGALESVLTVLTLRDGVIPPTLNYETPDPEIDLDVVAGEPRYGDYRYAVNNSFGFGGHNVALAFGRY,1
CN(C)CC#Cc1ccc(cc1)[C@@H]1[C@H](CO)N2CCCCN(CC3CCOCC3)C[C@@H]12,MFVTGESGMAYHNPFIVNGKIRFPANTNLVRHVEKWAKVRGDKLAYRFLDFSTERDGVARDILWSDFSARNRAVGARLQQVTQPGDRVAILCPQNLDYLISFFGALYSGRIAVPLFDPAEPGHVGRLHAVLDDCAPSTILTTTDSAEGVRKFIRARSAKERPRVIAVDAVPTEVAATWQQPEANEETVAYLQYTSGSTRIPSGVQITHLNLPTNVVQVLNALEGQEGDRGVSWLPFFHDMGLITVLLASVLGHSFTFMTPAAFVRRPGRWIRELARKPGETGGTFSAAPNFAFEHAAVRGVPRDDEPPLDLSNVKGILNGSEPVSPASMRKFFEAFAPYGLKQTAVKPSYGLAEATLFVSTTPMDEVPTVIHVDRDELNNQRFVEVAADAPNAVAQVSAGKVGVSEWAVIVDADTASELPDGQIGEIWLHGNNLGTGYWGKEEESAQTFKNILKSRISESRAEGAPDDALWVRTGDYGTYFKDHLYIAGRIKDLVIIDGRNHYPQDLECTAQESTKALRVGYAAAFSVPANQLPQTVFDDSHAGLKFDPEDTSEQLVIVGERAAGTHKLDHQPIVDDIRAAIAVGHGVTVRDVLLVSAGTIPRTSSGKIGRRACRAAYLDGSLRSGVGSPTVFATSD,0
CS(=O)(=O)N(Cc1nnc(o1)-c1cccs1)c1ccc(Cl)cc1F,MAFSVQMPALGESVTEGTVTRWLKQEGDTVELDEPLVEVSTDKVDTEIPSPAAGVLTKIIAQEDDTVEVGGELAVIGDAKDAGEAAAPAPEKVPAAQPESKPAPEPPPVQPTSGAPAGGDAKPVLMPELGESVTEGTVIRWLKKIGDSVQVDEPLVEVSTDKVDTEIPSPVAGVLVSISADEDATVPVGGELARIGVAADIGAAPAPKPAPKPVPEPAPTPKAEPAPSPPAAQPAGAAEGAPYVTPLVRKLASENNIDLAGVTGTGVGGRIRKQDVLAAAEQKKRAKAPAPAAQAAAAPAPKAPPAPAPALAHLRGTTQKASRIRQITANKTRESLQATAQLTQTHEVDMTKIVGLRARAKAAFAEREGVNLTFLPFFAKAVIDALKIHPNINASYNEDTKEITYYDAEHLGFAVDTEQGLLSPVIHDAGDLSLAGLARAIADIAARARSGNLKPDELSGGTFTITNIGSQGALFDTPILVPPQAAMLGTGAIVKRPRVVVDASGNESIGVRSVCYLPLTYDHRLIDGADAGRFLTTIKHRLEEGAFEADLGL,0
C\C=C\c1ccc(cc1)[C@@H]1[C@H](CO)N[C@@H]1CN(C)S(=O)(=O)c1ccccc1,MSQPSTANGGFPSVVVTAVTATTSISPDIESTWKGLLAGESGIHALEDEFVTKWDLAVKIGGHLKDPVDSHMGRLDMRRMSYVQRMGKLLGGQLWESAGSPEVDPDRFAVVVGTGLGGAERIVESYDLMNAGGPRKVSPLAVQMIMPNGAAAVIGLQLGARAGVMTPVSACSSGSEAIAHAWRQIVMGDADVAVCGGVEGPIEALPIAAFSMMRAMSTRNDEPERASRPFDKDRDGFVFGEAGALMLIETEEHAKARGAKPLARLLGAGITSDAFHMVAPAADGVRAGRAMTRSLELAGLSPADIDHVNAHGTATPIGDAAEANAIRVAGCDQAAVYAPKSALGHSIGAVGALESVLTVLTLRDGVIPPTLNYETPDPEIDLDVVAGEPRYGDYRYAVNNSFGFGGHNVALAFGRY,0
CN(C)CCOCc1nn(C)c2CCN(Cc12)C(=O)c1ccc[nH]1,MSAPWGPVAAGPSALVRSGQASTIEPFQREMTPPTPTPEAAHNPTMNVSRETSTEFDTPIGAAAERAMRVLHTTHEPLQRPGRRRVLTIANQKGGVGKTTTAVNIAAALAVQGLKTLVIDLDPQGNASTALGITDRQSGTPSSYEMLIGEVSLHTALRRSPHSERLFCIPATIDLAGAEIELVSMVARENRLRTALAALDNFDFDYVFVDCPPSLGLLTINALVAAPEVMIPIQCEYYALEGVSQLMRNIEMVKAHLNPQLEVTTVILTMYDGRTKLADQVADEVRQYFGSKVLRTVIPRSVKVSEAPGYSMTIIDYDPGSRGAMSYLDASRELAERDRPPSAKGRP,0
COCCN1[C@H]2CN(C[C@@H]2OCC1=O)C(=O)C1CCOCC1,MAAQKKKAQDEYGAASITILEGLEAVRKRPGMYIGSTGERGLHHLIWEVVDNAVDEAMAGYATTVNVVLLEDGGVEVADDGRGIPVATHASGIPTVDVVMTQLHAGGKFDSDAYAISGGLHGVGVSVVNALSTRLEVEIKRDGYEWSQVYEKSEPLGLKQGAPTKKTGSTVRFWADPAVFETTEYDFETVARRLQEMAFLNKGLTINLTDERVTQDEVVDEVVSDVAEAPKSASERAAESTAPHKVKSRTFHYPGGLVDFVKHINRTKNAIHSSIVDFSGKGTGHEVEIAMQWNAGYSESVHTFANTINTHEGGTHEEGFRSALTSVVNKYAKDRKLLKDKDPNLTGDDIREGLAAVISVKVSEPQFEGQTKTKLGNTEVKSFVQKVCNEQLTHWFEANPTDAKVVVNKAVSSAQARIAARKARELVRRKSATDIGGLPGKLADCRSTDPRKSELYVVEGDSAGGSAKSGRDSMFQAILPLRGKIINVEKARIDRVLKNTEVQAIITALGTGIHDEFDIGKLRYHKIVLMADADVDGQHISTLLLTLLFRFMRPLIENGHVFLAQPPLYKLKWQRSDPEFAYSDRERDGLLEAGLKAGKKINKEDGIQRYKGLGEMDAKELWETTMDPSVRVLRQVTLDDAAAADELFSILMGEDVDARRSFITRNAKDVRFLDV,0
COc1ccc2c3c([C@@H](CO)N(C)C[C@]33CCN(CC3)S(=O)(=O)c3cccs3)n(C)c2c1,MAVVPIRIVGDPVLHTATTPVTVAADGSLPADLAQLIATMYDTMDAANGVGLAANQIGCSLRLFVYDCAADRAMTARRRGVVINPVLETSEIPETMPDPDTDDEGCLSVPGESFPTGRAKWARVTGLDADGSPVSIEGTGLFARMLQHETGHLDGFLYLDRLIGRYARNAKRAVKSHGWGVPGLSWLPGEDPDPFGH,0
CN(CC(=O)Nc1cccc(F)c1)CC(=O)Nc1ccccc1Oc1ccccc1,MTFPGDTAVLVLAAGPGTRMRSDTPKVLHTLAGRSMLSHVLHAIAKLAPQRLIVVLGHDHQRIAPLVGELADTLGRTIDVALQDRPLGTGHAVLCGLSALPDDYAGNVVVTSGDTPLLDADTLADLIATHRAVSAAVTVLTTTLDDPFGYGRILRTQDHEVMAIVEQTDATPSQREIREVNAGVYAFDIAALRSALSRLSSNNAQQELYLTDVIAILRSDGQTVHASHVDDSALVAGVNNRVQLAELASELNRRVVAAHQLAGVTVVDPATTWIDVDVTIGRDTVIHPGTQLLGRTQIGGRCVVGPDTTLTDVAVGDGASVVRTHGSSSSIGDGAAVGPFTYLRPGTALGADGKLGAFVEVKNSTIGTGTKVPHLTYVGDADIGEYSNIGASSVFVNYDGTSKRRTTVGSHVRTGSDTMFVAPVTIGDGAYTGAGTVVREDVPPGALAVSAGPQRNIENWVQRKRPGSPAAQASKRASEMACQQPTQPPDADQTP,0
CN1CCN(CC1)C(=O)c1cccc(NS(=O)(=O)c2ccc(Br)cc2)c1,MAVVPIRIVGDPVLHTATTPVTVAADGSLPADLAQLIATMYDTMDAANGVGLAANQIGCSLRLFVYDCAADRAMTARRRGVVINPVLETSEIPETMPDPDTDDEGCLSVPGESFPTGRAKWARVTGLDADGSPVSIEGTGLFARMLQHETGHLDGFLYLDRLIGRYARNAKRAVKSHGWGVPGLSWLPGEDPDPFGH,0
CC(C)CC#Cc1ccc(cc1)[C@@H]1[C@H](CO)N2[C@H]1CN(CC2=O)C(=O)Nc1ccc(F)cc1,MSAPWGPVAAGPSALVRSGQASTIEPFQREMTPPTPTPEAAHNPTMNVSRETSTEFDTPIGAAAERAMRVLHTTHEPLQRPGRRRVLTIANQKGGVGKTTTAVNIAAALAVQGLKTLVIDLDPQGNASTALGITDRQSGTPSSYEMLIGEVSLHTALRRSPHSERLFCIPATIDLAGAEIELVSMVARENRLRTALAALDNFDFDYVFVDCPPSLGLLTINALVAAPEVMIPIQCEYYALEGVSQLMRNIEMVKAHLNPQLEVTTVILTMYDGRTKLADQVADEVRQYFGSKVLRTVIPRSVKVSEAPGYSMTIIDYDPGSRGAMSYLDASRELAERDRPPSAKGRP,0
CCC(=O)N1CC2(C1)[C@@H]([C@H](CO)N2C(=O)CC)c1ccc(cc1)-c1ccccc1C,MTPKRVGLYNPAFEHDSCGVAMVVDMHGRRSRDIVDKAITALLNLEHRGAQGAEPRSGDGAGILIQVPDEFLREAVDFELPAPGSYATGIAFLPQSSKDAAAACAAVQKIAEAEGLQVLGWRSVPTDDSSLGALSRDAMPTFRQVFLAGASGMALERRCYVVRKRAEHELGTKGPGQDGPGRETVYFPSLSGQTLVYKGMLTTPQLKAFYLDLQDERLTSALGIVHSRFSTNTFPSWPLAHPFRRIAHNGEINTVTGNENWMRAREALIKTDIFGSAADVEKLFPICTPGASDTARFDEVLELLHLGGRSLAHAVLMMIPEAWERHESMDPARRAFYQYHASLMEPWDGPASMTFTDGTVVGAVLDRNGLRPSRIWVTDDGLVVMASEAGVLDLHPSTVVRRMRLQPGRMFLVDTAQGRIVSDEEIKADLAAEHPYQEWLDNGLVPLDELPEGKDVRMPHHRIVMRQLAFGYTYEELNLLVAPMARLGAEPIGSMGTDTPVAVLSQRPRMLYDYFHQLFAQVTNPPLDAIREEVVTSLQGTTGGERDLLNPDQNSCHQIVLPQPILRNHELAKLVSLDPNDKVNGRPHGLRSKVIRCLYRVSEGGAGLAAALEEVRGAAAAAIADGARIIILSDRESDEEMAPIPSLLAVAGVHHHLVRERTRTQVGLVVESGDAREVHHMAALVGFGAAAINPYLVFESIEDMLDRGVIEGIDRTAALNNYIKAAGKGVLKVMSKMGISTLASYTGAQLFQAVGISEQVLDEYFTGLTCPTGGITLDDIAADVAARHRLAYLDRPDERAHRELEVGGEYQWRREGEYHLFNPETVFKLQHSTRTGQYKIFKEYTRLVDDQSERMASLRGLLKFRTGVRPPVPLDEVEPASEIVKRFSTGAMSYGSISAEAHETLAIAMNRLGARSNCGEGGEDVKRFDRDPNGDWRRSAIKQVASARFGVTSHYLTNCTDLQIKMAQGAKPGEGGQLPGHKVYPWVAEVRHSTPGVGLISPPPHHDIYSIEDLAQLIHDLKNANPSARVHVKLVSENGVGTVAAGVSKAHADVVLISGHDGGTGATPLTSMKHAGAPWELGLAETQQTLLLNGLRDRIVVQVDGQLKTGRDVMIATLLGAEEFGFATAPLVVAGCIMMRVCHLDTCPVGVATQNPLLRERFTGKPEFVENFFMFIAEEVREYLAQLGFRTVNEAVGQAGALDTTLARAHWKAHKLDLAPVLHEPESAFMNQDLYCSSRQDHGLDKALDQQLIVMSREALDSGKPVRFSTTIGNVNRTVGTMLGHELTKAYGGQGLPDGTIDITFDGSAGNSFGAFVPKGITLRVYGDANDYVGKGLSGGRIVVRPSDDAPQDYVAEDNIIGGNVILFGATSGEVYLRGVVGERFAVRNSGAHAVVEGVGDHGCEYMTGGRVVILGRTGRNFAAGMSGGVAYVYDPDGELPANLNSEMVELETLDEDDADWLHGTIQVHVDATDSAVGQRILSDWSGQQRHFVKVMPRDYKRVLQAIALAERDGVDVDKAIMAAAHG,0
O=C(N1CCN=C1SCc1cccnc1)c1cccs1,MTLSSGEPSAVGGRHRVVIIGSGFGGLNAAKALKRADVDITLISKTTTHLFQPLLYQVATGILSEGDIAPTTRLILRRQKNVRVLLGEVNAIDLKAQTVTSKLMDMTTVTPYDSLIVAAGAQQSYFGNDEFATFAPGMKTIDDALELRGRILGAFEAAEVSTDHAERERRLTFVVVGAGPTGVEVAGQIVELAERTLAGAFRTITPSECRVILLDAAPAVLPPMGPKLGLKAQRRLEKMDVEVQLNAMVTAVDYKGITIKEKDGGERRIECACKVWAAGVAASPLGKMIAEGSDGTEIDRAGRVIVEPDLTVKGHPNVFVVGDLMFVPGVPGVAQGAIQGARYATTVIKHMVKGNDDPANRKPFHYFNKGSMATISRHSAVAQVGKLEFAGYFAWLAWLVLHLVYLVGYRNRIAALFAWGISFMGRARGQMAITSQMIYARLVMTLMEQQAQGALAAAEQAEHAEQEAAG,0
O=C(Nc1ccc(cc1)-c1nc2c(ccc3ccccc23)o1)c1ccco1,MFYDDDADLSIIQGRKVGVIGYGSQGHAHSLSLRDSGVQVRVGLKQGSRSRPKVEEQGLDVDTPAEVAKWADVVMVLAPDTAQAEIFAGDIEPNLKPGDALFFGHGLNVHFGLIKPPADVAVAMVAPKGPGHLVRRQFVDGKGVPCLVAVEQDPRGDGLALALSYAKAIGGTRAGVIKTTFKDETETDLFGEQTVLCGGTEELVKAGFEVMVEAGYPAELAYFEVLHELKLIVDLMYEGGLARMYYSVSDTAEFGGYLSGPRVIDAGTKERMRDILREIQDGSFVHKLVADVEGGNKQLEELRRQNAEHPIEVVGKKLRDLMSWVDRPITETA,0
COC(=O)c1ccc(N)nc1,MSQPSTANGGFPSVVVTAVTATTSISPDIESTWKGLLAGESGIHALEDEFVTKWDLAVKIGGHLKDPVDSHMGRLDMRRMSYVQRMGKLLGGQLWESAGSPEVDPDRFAVVVGTGLGGAERIVESYDLMNAGGPRKVSPLAVQMIMPNGAAAVIGLQLGARAGVMTPVSACSSGSEAIAHAWRQIVMGDADVAVCGGVEGPIEALPIAAFSMMRAMSTRNDEPERASRPFDKDRDGFVFGEAGALMLIETEEHAKARGAKPLARLLGAGITSDAFHMVAPAADGVRAGRAMTRSLELAGLSPADIDHVNAHGTATPIGDAAEANAIRVAGCDQAAVYAPKSALGHSIGAVGALESVLTVLTLRDGVIPPTLNYETPDPEIDLDVVAGEPRYGDYRYAVNNSFGFGGHNVALAFGRY,0
CCN(CCCNC(=O)c1[nH]c(C)c(C(C)=O)c1C)c1cccc(C)c1,MTFPGDTAVLVLAAGPGTRMRSDTPKVLHTLAGRSMLSHVLHAIAKLAPQRLIVVLGHDHQRIAPLVGELADTLGRTIDVALQDRPLGTGHAVLCGLSALPDDYAGNVVVTSGDTPLLDADTLADLIATHRAVSAAVTVLTTTLDDPFGYGRILRTQDHEVMAIVEQTDATPSQREIREVNAGVYAFDIAALRSALSRLSSNNAQQELYLTDVIAILRSDGQTVHASHVDDSALVAGVNNRVQLAELASELNRRVVAAHQLAGVTVVDPATTWIDVDVTIGRDTVIHPGTQLLGRTQIGGRCVVGPDTTLTDVAVGDGASVVRTHGSSSSIGDGAAVGPFTYLRPGTALGADGKLGAFVEVKNSTIGTGTKVPHLTYVGDADIGEYSNIGASSVFVNYDGTSKRRTTVGSHVRTGSDTMFVAPVTIGDGAYTGAGTVVREDVPPGALAVSAGPQRNIENWVQRKRPGSPAAQASKRASEMACQQPTQPPDADQTP,0
COc1cc2CCN(Cc2cc1OC)C(=O)c1ccc2[nH]cnc2c1,MTPKRVGLYNPAFEHDSCGVAMVVDMHGRRSRDIVDKAITALLNLEHRGAQGAEPRSGDGAGILIQVPDEFLREAVDFELPAPGSYATGIAFLPQSSKDAAAACAAVQKIAEAEGLQVLGWRSVPTDDSSLGALSRDAMPTFRQVFLAGASGMALERRCYVVRKRAEHELGTKGPGQDGPGRETVYFPSLSGQTLVYKGMLTTPQLKAFYLDLQDERLTSALGIVHSRFSTNTFPSWPLAHPFRRIAHNGEINTVTGNENWMRAREALIKTDIFGSAADVEKLFPICTPGASDTARFDEVLELLHLGGRSLAHAVLMMIPEAWERHESMDPARRAFYQYHASLMEPWDGPASMTFTDGTVVGAVLDRNGLRPSRIWVTDDGLVVMASEAGVLDLHPSTVVRRMRLQPGRMFLVDTAQGRIVSDEEIKADLAAEHPYQEWLDNGLVPLDELPEGKDVRMPHHRIVMRQLAFGYTYEELNLLVAPMARLGAEPIGSMGTDTPVAVLSQRPRMLYDYFHQLFAQVTNPPLDAIREEVVTSLQGTTGGERDLLNPDQNSCHQIVLPQPILRNHELAKLVSLDPNDKVNGRPHGLRSKVIRCLYRVSEGGAGLAAALEEVRGAAAAAIADGARIIILSDRESDEEMAPIPSLLAVAGVHHHLVRERTRTQVGLVVESGDAREVHHMAALVGFGAAAINPYLVFESIEDMLDRGVIEGIDRTAALNNYIKAAGKGVLKVMSKMGISTLASYTGAQLFQAVGISEQVLDEYFTGLTCPTGGITLDDIAADVAARHRLAYLDRPDERAHRELEVGGEYQWRREGEYHLFNPETVFKLQHSTRTGQYKIFKEYTRLVDDQSERMASLRGLLKFRTGVRPPVPLDEVEPASEIVKRFSTGAMSYGSISAEAHETLAIAMNRLGARSNCGEGGEDVKRFDRDPNGDWRRSAIKQVASARFGVTSHYLTNCTDLQIKMAQGAKPGEGGQLPGHKVYPWVAEVRHSTPGVGLISPPPHHDIYSIEDLAQLIHDLKNANPSARVHVKLVSENGVGTVAAGVSKAHADVVLISGHDGGTGATPLTSMKHAGAPWELGLAETQQTLLLNGLRDRIVVQVDGQLKTGRDVMIATLLGAEEFGFATAPLVVAGCIMMRVCHLDTCPVGVATQNPLLRERFTGKPEFVENFFMFIAEEVREYLAQLGFRTVNEAVGQAGALDTTLARAHWKAHKLDLAPVLHEPESAFMNQDLYCSSRQDHGLDKALDQQLIVMSREALDSGKPVRFSTTIGNVNRTVGTMLGHELTKAYGGQGLPDGTIDITFDGSAGNSFGAFVPKGITLRVYGDANDYVGKGLSGGRIVVRPSDDAPQDYVAEDNIIGGNVILFGATSGEVYLRGVVGERFAVRNSGAHAVVEGVGDHGCEYMTGGRVVILGRTGRNFAAGMSGGVAYVYDPDGELPANLNSEMVELETLDEDDADWLHGTIQVHVDATDSAVGQRILSDWSGQQRHFVKVMPRDYKRVLQAIALAERDGVDVDKAIMAAAHG,0
COc1ccc2-c3sc(cc3CCc2c1)C(O)=O,MFVTGESGMAYHNPFIVNGKIRFPANTNLVRHVEKWAKVRGDKLAYRFLDFSTERDGVARDILWSDFSARNRAVGARLQQVTQPGDRVAILCPQNLDYLISFFGALYSGRIAVPLFDPAEPGHVGRLHAVLDDCAPSTILTTTDSAEGVRKFIRARSAKERPRVIAVDAVPTEVAATWQQPEANEETVAYLQYTSGSTRIPSGVQITHLNLPTNVVQVLNALEGQEGDRGVSWLPFFHDMGLITVLLASVLGHSFTFMTPAAFVRRPGRWIRELARKPGETGGTFSAAPNFAFEHAAVRGVPRDDEPPLDLSNVKGILNGSEPVSPASMRKFFEAFAPYGLKQTAVKPSYGLAEATLFVSTTPMDEVPTVIHVDRDELNNQRFVEVAADAPNAVAQVSAGKVGVSEWAVIVDADTASELPDGQIGEIWLHGNNLGTGYWGKEEESAQTFKNILKSRISESRAEGAPDDALWVRTGDYGTYFKDHLYIAGRIKDLVIIDGRNHYPQDLECTAQESTKALRVGYAAAFSVPANQLPQTVFDDSHAGLKFDPEDTSEQLVIVGERAAGTHKLDHQPIVDDIRAAIAVGHGVTVRDVLLVSAGTIPRTSSGKIGRRACRAAYLDGSLRSGVGSPTVFATSD,0
OC[C@H]1Nc2ccc(Br)cc2[C@@H]2[C@H]1CCN2S(=O)(=O)c1ccc(F)cc1,MFYDDDADLSIIQGRKVGVIGYGSQGHAHSLSLRDSGVQVRVGLKQGSRSRPKVEEQGLDVDTPAEVAKWADVVMVLAPDTAQAEIFAGDIEPNLKPGDALFFGHGLNVHFGLIKPPADVAVAMVAPKGPGHLVRRQFVDGKGVPCLVAVEQDPRGDGLALALSYAKAIGGTRAGVIKTTFKDETETDLFGEQTVLCGGTEELVKAGFEVMVEAGYPAELAYFEVLHELKLIVDLMYEGGLARMYYSVSDTAEFGGYLSGPRVIDAGTKERMRDILREIQDGSFVHKLVADVEGGNKQLEELRRQNAEHPIEVVGKKLRDLMSWVDRPITETA,0
O=C(Cc1ccc(cc1)-n1cccc1)NC1CCCCC1,MRIDIVTIFPACLDPLRQSLPGKAIESGLVDLNVHDLRRWTHDVHHSVDDAPYGGGPGMVMKAPVWGEALDEICSSETLLIVPTPAGVLFTQATAQRWTTESHLVFACGRYEGIDQRVVQDAARRMRVEEVSIGDYVLPGGESAAVVMVEAVLRLLAGVLGNPASHQDDSHSTGLDGLLEGPSYTRPASWRGLDVPEVLLSGDHARIAAWRREVSLQRTRERRPDLSHPD,0
CC(C)C[C@H](NC(=O)[C@@H](O)[C@H](N)Cc1ccccc1)C(O)=O,MSAPWGPVAAGPSALVRSGQASTIEPFQREMTPPTPTPEAAHNPTMNVSRETSTEFDTPIGAAAERAMRVLHTTHEPLQRPGRRRVLTIANQKGGVGKTTTAVNIAAALAVQGLKTLVIDLDPQGNASTALGITDRQSGTPSSYEMLIGEVSLHTALRRSPHSERLFCIPATIDLAGAEIELVSMVARENRLRTALAALDNFDFDYVFVDCPPSLGLLTINALVAAPEVMIPIQCEYYALEGVSQLMRNIEMVKAHLNPQLEVTTVILTMYDGRTKLADQVADEVRQYFGSKVLRTVIPRSVKVSEAPGYSMTIIDYDPGSRGAMSYLDASRELAERDRPPSAKGRP,0
OC(COc1ccc2ccccc2c1)Cn1cncn1,MTFPGDTAVLVLAAGPGTRMRSDTPKVLHTLAGRSMLSHVLHAIAKLAPQRLIVVLGHDHQRIAPLVGELADTLGRTIDVALQDRPLGTGHAVLCGLSALPDDYAGNVVVTSGDTPLLDADTLADLIATHRAVSAAVTVLTTTLDDPFGYGRILRTQDHEVMAIVEQTDATPSQREIREVNAGVYAFDIAALRSALSRLSSNNAQQELYLTDVIAILRSDGQTVHASHVDDSALVAGVNNRVQLAELASELNRRVVAAHQLAGVTVVDPATTWIDVDVTIGRDTVIHPGTQLLGRTQIGGRCVVGPDTTLTDVAVGDGASVVRTHGSSSSIGDGAAVGPFTYLRPGTALGADGKLGAFVEVKNSTIGTGTKVPHLTYVGDADIGEYSNIGASSVFVNYDGTSKRRTTVGSHVRTGSDTMFVAPVTIGDGAYTGAGTVVREDVPPGALAVSAGPQRNIENWVQRKRPGSPAAQASKRASEMACQQPTQPPDADQTP,0
COc1ccc(C2N(Cc3ccoc3)CCc3c2[nH]c2ccccc32)c(F)c1,MTESPTAGPGGVPRADDADSDVPRYRYTAELAARLERTWQENWARLGTFNVPNPVGSLAPPDGAAVPDDKLFVQDMFPYPSGEGLHVGHPLGYIATDVYARYFRMVGRNVLHALGFDAFGLPAEQYAVQTGTHPRTRTEANVVNFRRQLGRLGFGHDSRRSFSTTDVDFYRWTQWIFLQIYNAWFDTTANKARPISELVAEFESGARCLDGGRDWAKLTAGERADVIDEYRLVYRADSLVNWCPGLGTVLANEEVTADGRSDRGNFPVFRKRLRQWMMRITAYADRLLDDLDVLDWPEQVKTMQRNWIGRSTGAVALFSARAASDDGFEVDIEVFTTRPDTLFGATYLVLAPEHDLVDELVAASWPAGVNPLWTYGGGTPGEAIAAYRRAIAAKSDLERQESREKTGVFLGSYAINPANGEPVPIFIADYVLAGYGTGAIMAVPGHDQRDWDFARAFGLPIVEVIAGGNISESAYTGDGILVNSDYLNGMSVPAAKRAIVDRLESAGRGRARIEFKLRDWLFARQRYWGEPFPIVYDSDGRPHALDEAALPVELPDVPDYSPVLFDPDDADSEPSPPLAKATEWVHVDLDLGDGLKPYSRDTNVMPQWAGSSWYELRYTDPHNSERFCAKENEAYWMGPRPAEHGPDDPGGVDLYVGGAEHAVLHLLYSRFWHKVLYDLGHVSSREPYRRLVNQGYIQAYAYTDARGSYVPAEQVIERGDRFVYPGPDGEVEVFQEFGKIGKSLKNSVSPDEICDAYGADTLRVYEMSMGPLEASRPWATKDVVGAYRFLQRVWRLVVDEHTGETRVADGVELDIDTLRALHRTIVGVSEDFAALRNNTATAKLIEYTNHLTKKHRDAVPRAAVEPLVQMLAPLAPHIAEELWLRLGNTTSLAHGPFPKADAAYLVDETVEYPVQVNGKVRGRVVVAADTDEETLKAAVLTDEKVQAFLAGATPRKVIVVAGRLVNLVI,0
OC[C@@H]1[C@H](c2ccccc2)C2(CN(C2)C(=O)c2ccccn2)N1C(=O)CC1CC1,MSQPSTANGGFPSVVVTAVTATTSISPDIESTWKGLLAGESGIHALEDEFVTKWDLAVKIGGHLKDPVDSHMGRLDMRRMSYVQRMGKLLGGQLWESAGSPEVDPDRFAVVVGTGLGGAERIVESYDLMNAGGPRKVSPLAVQMIMPNGAAAVIGLQLGARAGVMTPVSACSSGSEAIAHAWRQIVMGDADVAVCGGVEGPIEALPIAAFSMMRAMSTRNDEPERASRPFDKDRDGFVFGEAGALMLIETEEHAKARGAKPLARLLGAGITSDAFHMVAPAADGVRAGRAMTRSLELAGLSPADIDHVNAHGTATPIGDAAEANAIRVAGCDQAAVYAPKSALGHSIGAVGALESVLTVLTLRDGVIPPTLNYETPDPEIDLDVVAGEPRYGDYRYAVNNSFGFGGHNVALAFGRY,0
Cc1cccc(CN2CCCC3(CCN(CC4CC4)CC3)C2)n1,MPIIEQVRAREILDSRGNPTVEVEVALIDGTFARAAVPSGASTGEHEAVELRDGGDRYGGKGVQKAVQAVLDEIGPAVIGLNADDQRLVDQALVDLDGTPDKSRLGGNAILGVSLAVAKAAADSAELPLFRYVGGPNAHILPVPMMNILNGGAHADTAVDIQEFMVAPIGAPSFVEALRWGAEVYHALKSVLKKEGLSTGLGDEGGFAPDVAGTTAALDLISRAIESAGLRPGADVALALDAAATEFFTDGTGYVFEGTTRTADQMTEFYAGLLGAYPLVSIEDPLSEDDWDGWAALTASIGDRVQIVGDDIFVTNPERLEEGIERGVANALLVKVNQIGTLTETLDAVTLAHHGGYRTMISHRSGETEDTMIADLAVAIGSGQIKTGAPARSERVAKYNQLLRIEEALGDAARYAGDLAFPRFACETK,0
C[C@H](CO)N1C[C@@H](C)[C@H](CN(C)Cc2ccccc2)Oc2ncc(cc2C1=O)C#CC1(O)CCCC1,MSQPSTANGGFPSVVVTAVTATTSISPDIESTWKGLLAGESGIHALEDEFVTKWDLAVKIGGHLKDPVDSHMGRLDMRRMSYVQRMGKLLGGQLWESAGSPEVDPDRFAVVVGTGLGGAERIVESYDLMNAGGPRKVSPLAVQMIMPNGAAAVIGLQLGARAGVMTPVSACSSGSEAIAHAWRQIVMGDADVAVCGGVEGPIEALPIAAFSMMRAMSTRNDEPERASRPFDKDRDGFVFGEAGALMLIETEEHAKARGAKPLARLLGAGITSDAFHMVAPAADGVRAGRAMTRSLELAGLSPADIDHVNAHGTATPIGDAAEANAIRVAGCDQAAVYAPKSALGHSIGAVGALESVLTVLTLRDGVIPPTLNYETPDPEIDLDVVAGEPRYGDYRYAVNNSFGFGGHNVALAFGRY,0
O=C(Nc1cccc(c1)-n1cnnn1)c1cc2ccccc2o1,MSAPWGPVAAGPSALVRSGQASTIEPFQREMTPPTPTPEAAHNPTMNVSRETSTEFDTPIGAAAERAMRVLHTTHEPLQRPGRRRVLTIANQKGGVGKTTTAVNIAAALAVQGLKTLVIDLDPQGNASTALGITDRQSGTPSSYEMLIGEVSLHTALRRSPHSERLFCIPATIDLAGAEIELVSMVARENRLRTALAALDNFDFDYVFVDCPPSLGLLTINALVAAPEVMIPIQCEYYALEGVSQLMRNIEMVKAHLNPQLEVTTVILTMYDGRTKLADQVADEVRQYFGSKVLRTVIPRSVKVSEAPGYSMTIIDYDPGSRGAMSYLDASRELAERDRPPSAKGRP,0
COc1ccc2c3c([C@H](CO)NC[C@]33CCN(CC3)C(=O)c3cccc(F)c3)n(C)c2c1,MTFPGDTAVLVLAAGPGTRMRSDTPKVLHTLAGRSMLSHVLHAIAKLAPQRLIVVLGHDHQRIAPLVGELADTLGRTIDVALQDRPLGTGHAVLCGLSALPDDYAGNVVVTSGDTPLLDADTLADLIATHRAVSAAVTVLTTTLDDPFGYGRILRTQDHEVMAIVEQTDATPSQREIREVNAGVYAFDIAALRSALSRLSSNNAQQELYLTDVIAILRSDGQTVHASHVDDSALVAGVNNRVQLAELASELNRRVVAAHQLAGVTVVDPATTWIDVDVTIGRDTVIHPGTQLLGRTQIGGRCVVGPDTTLTDVAVGDGASVVRTHGSSSSIGDGAAVGPFTYLRPGTALGADGKLGAFVEVKNSTIGTGTKVPHLTYVGDADIGEYSNIGASSVFVNYDGTSKRRTTVGSHVRTGSDTMFVAPVTIGDGAYTGAGTVVREDVPPGALAVSAGPQRNIENWVQRKRPGSPAAQASKRASEMACQQPTQPPDADQTP,0
COc1ccc(cc1)C1SCC(=O)Nc2c1c(C)nn2C1CCOC(C)(C)C1,MPNTNPVAAWKALKEGNERFVAGRPQHPSQSVDHRAGLAAGQKPTAVIFGCADSRVAAEIIFDQGLGDMFVVRTAGHVIDSAVLGSIEYAVTVLNVPLIVVLGHDSCGAVNAALAAINDGTLPGGYVRDVVERVAPSVLLGRRDGLSRVDEFEQRHVHETVAILMARSSAISERIAGGSLAIVGVTYQLDDGRAVLRDHIGNIGEEV,0
CCCC(=O)N1C[C@@]2(C1)CN(Cc1ccncc1)[C@H](CO)c1[nH]c3cc(OC)ccc3c21,MFVLRSHAAGLLREGDAGQQVTLAGWVARRRDHGGVIFIDLRDASGIAQVVFRDPQDTEVLAQAHRLRAEFCVSVAGVVEIRPEGNANPEIATGEIEVNATSLTVLGECAPLPFQLDEPAGEELRLKYRYLDLRRDDPAAAIRLRSRVNAAARAVLARHDFVEIETPTITRSTPEGARDFLVPARLHPGSFYALPQSPQLFKQLLMVAGMERYYQIARCYRDEDFRADRQPEFTQLDMEMSFVDAEDIIAISEEVLTELWALIGYRIPTPIPRIGYAEAMRRFGTDKPDLRFGLELVECTDFFSDTTFRVFQAPYVGAVVMPGGASQPRRTLDGWQDWAKQRGHRGLAYVLVAEDGTLGGPVAKNLTEAERTGLADHVGAKPGDCIFFSAGPVKSSRALLGAARVEIANRLGLIDPDAWAFVWVVDPPLFEPADEATAAGEVAVGSGAWTAVHHAFTAPKPEWEDRIESDTGSVLADAYDIVCNGHEIGGGSVRIHRRDIQERVFAVMGLDKAEAEEKFGFLLEAFMFGAPPHGGIAFGWDRTTALLAGMDSIREVIAFPKTGGGVDPLTDAPAPITAQQRKESGIDAQPKRVQQA,0
CCCc1cc(O)n2nc(nc2n1)C(F)(F)F,MSRSEKLTGEHLAPEPAEMARLVAGTHHNPHGILGAHEYDDHTVIRAFRPHAVEVVALVGKDRFSLQHLDSGLFAVALPFVDLIDYRLQVTYEGCEPHTVADAYRFLPTLGEVDLHLFAEGRHERLWEVLGAHPRSFTTADGVVSGVSFAVWAPNAKGVSLIGEFNGWNGHEAPMRVLGPSGVWELFWPDFPCDGLYKFRVHGADGVVTDRADPFAFGTEVPPQTASRVTSSDYTWGDDDWMAGRALRNPVNEAMSTYEVHLGSWRPGLSYRQLARELTDYIVDQGFTHVELLPVAEHPFAGSWGYQVTSYYAPTSRFGTPDDFRALVDALHQAGIGVIVDWVPAHFPKDAWALGRFDGTPLYEHSDPKRGEQLDWGTYVFDFGRPEVRNFLVANALYWLQEFHIDGLRVDAVASMLYLDYSRPEGGWTPNVHGGRENLEAVQFLQEMNATAHKVAPGIVTIAEESTPWSGVTRPTNIGGLGFSMKWNMGWMHDTLDYVSRDPVYRSYHHHEMTFSMLYAFSENYVLPLSHDEVVHGKGTLWGRMPGNNHVKAAGLRSLLAYQWAHPGKQLLFMGQEFGQRAEWSEQRGLDWFQLDENGFSNGIQRLVRDINDIYRCHPALWSLDTTPEGYSWIDANDSANNVLSFMRYGSDGSVLACVFNFAGAEHRDYRLGLPRAGRWREVLNTDATIYHGSGIGNLGGVDATDDPWHGRPASAVLVLPPTSALWLTPA,0
OC[C@H]1[C@@H]2Cn3c(ccc(-c4ccccc4)c3=O)[C@@H]2N(CCc2ccccc2)[C@@H]1C(=O)NC1CCCC1,MFVTGESGMAYHNPFIVNGKIRFPANTNLVRHVEKWAKVRGDKLAYRFLDFSTERDGVARDILWSDFSARNRAVGARLQQVTQPGDRVAILCPQNLDYLISFFGALYSGRIAVPLFDPAEPGHVGRLHAVLDDCAPSTILTTTDSAEGVRKFIRARSAKERPRVIAVDAVPTEVAATWQQPEANEETVAYLQYTSGSTRIPSGVQITHLNLPTNVVQVLNALEGQEGDRGVSWLPFFHDMGLITVLLASVLGHSFTFMTPAAFVRRPGRWIRELARKPGETGGTFSAAPNFAFEHAAVRGVPRDDEPPLDLSNVKGILNGSEPVSPASMRKFFEAFAPYGLKQTAVKPSYGLAEATLFVSTTPMDEVPTVIHVDRDELNNQRFVEVAADAPNAVAQVSAGKVGVSEWAVIVDADTASELPDGQIGEIWLHGNNLGTGYWGKEEESAQTFKNILKSRISESRAEGAPDDALWVRTGDYGTYFKDHLYIAGRIKDLVIIDGRNHYPQDLECTAQESTKALRVGYAAAFSVPANQLPQTVFDDSHAGLKFDPEDTSEQLVIVGERAAGTHKLDHQPIVDDIRAAIAVGHGVTVRDVLLVSAGTIPRTSSGKIGRRACRAAYLDGSLRSGVGSPTVFATSD,0
OC[C@@H]1[C@@H]2[C@@H](CN(C(=O)Nc3ccccc3F)c3ccccc23)N1C(=O)Nc1ccccc1,MRSPHRDAIRTARGLVVKVGTTALTTPSGMFDAGRLAGLAEAVERRMKAGSDVVIVSSGAIAAGIEPLGLSRRPKDLATKQAAASVGQVALVNSWSAAFARYGRTVGQVLLTAHDISMRVQHTNAQRTLDRLRALHAVAIVNENDTVATNEIRFGDNDRLSALVAHLVGADALVLLSDIDGLYDCDPRKTADATFIPEVSGPADLDGVVAGRSSHLGTGGMASKVAAALLAADAGVPVLLAPAADAATALADASVGTVFAARPARLSARRFWVRYAAEATGALTLDAGAVRAVVRQRRSLLAAGITAVSGRFCGGDVVELRAPDAAMVARGVVAYDASELATMVGRSTSELPGELRRPVVHADDLVAVSAKQAKQV,0
CCN(C[C@H]1N[C@@H](CO)[C@H]1c1ccc(cc1)C1=CCCC1)C(=O)c1ccccc1,MFVTGESGMAYHNPFIVNGKIRFPANTNLVRHVEKWAKVRGDKLAYRFLDFSTERDGVARDILWSDFSARNRAVGARLQQVTQPGDRVAILCPQNLDYLISFFGALYSGRIAVPLFDPAEPGHVGRLHAVLDDCAPSTILTTTDSAEGVRKFIRARSAKERPRVIAVDAVPTEVAATWQQPEANEETVAYLQYTSGSTRIPSGVQITHLNLPTNVVQVLNALEGQEGDRGVSWLPFFHDMGLITVLLASVLGHSFTFMTPAAFVRRPGRWIRELARKPGETGGTFSAAPNFAFEHAAVRGVPRDDEPPLDLSNVKGILNGSEPVSPASMRKFFEAFAPYGLKQTAVKPSYGLAEATLFVSTTPMDEVPTVIHVDRDELNNQRFVEVAADAPNAVAQVSAGKVGVSEWAVIVDADTASELPDGQIGEIWLHGNNLGTGYWGKEEESAQTFKNILKSRISESRAEGAPDDALWVRTGDYGTYFKDHLYIAGRIKDLVIIDGRNHYPQDLECTAQESTKALRVGYAAAFSVPANQLPQTVFDDSHAGLKFDPEDTSEQLVIVGERAAGTHKLDHQPIVDDIRAAIAVGHGVTVRDVLLVSAGTIPRTSSGKIGRRACRAAYLDGSLRSGVGSPTVFATSD,0
OC[C@H]1[C@@H]([C@@H]2CN(CC(=O)N12)C(=O)c1cnccn1)c1ccc(cc1)C#CCc1ccccc1,MSQPSTANGGFPSVVVTAVTATTSISPDIESTWKGLLAGESGIHALEDEFVTKWDLAVKIGGHLKDPVDSHMGRLDMRRMSYVQRMGKLLGGQLWESAGSPEVDPDRFAVVVGTGLGGAERIVESYDLMNAGGPRKVSPLAVQMIMPNGAAAVIGLQLGARAGVMTPVSACSSGSEAIAHAWRQIVMGDADVAVCGGVEGPIEALPIAAFSMMRAMSTRNDEPERASRPFDKDRDGFVFGEAGALMLIETEEHAKARGAKPLARLLGAGITSDAFHMVAPAADGVRAGRAMTRSLELAGLSPADIDHVNAHGTATPIGDAAEANAIRVAGCDQAAVYAPKSALGHSIGAVGALESVLTVLTLRDGVIPPTLNYETPDPEIDLDVVAGEPRYGDYRYAVNNSFGFGGHNVALAFGRY,0
CN1C[C@H]2[C@H]([C@@H](CO)N2C(=O)CN2CCOCC2)c2ccccc12,MSAPWGPVAAGPSALVRSGQASTIEPFQREMTPPTPTPEAAHNPTMNVSRETSTEFDTPIGAAAERAMRVLHTTHEPLQRPGRRRVLTIANQKGGVGKTTTAVNIAAALAVQGLKTLVIDLDPQGNASTALGITDRQSGTPSSYEMLIGEVSLHTALRRSPHSERLFCIPATIDLAGAEIELVSMVARENRLRTALAALDNFDFDYVFVDCPPSLGLLTINALVAAPEVMIPIQCEYYALEGVSQLMRNIEMVKAHLNPQLEVTTVILTMYDGRTKLADQVADEVRQYFGSKVLRTVIPRSVKVSEAPGYSMTIIDYDPGSRGAMSYLDASRELAERDRPPSAKGRP,0
Cc1ccccc1S(=O)(=O)N1CCC2(CC(CO2)n2ccnc2)C1,MTESPTAGPGGVPRADDADSDVPRYRYTAELAARLERTWQENWARLGTFNVPNPVGSLAPPDGAAVPDDKLFVQDMFPYPSGEGLHVGHPLGYIATDVYARYFRMVGRNVLHALGFDAFGLPAEQYAVQTGTHPRTRTEANVVNFRRQLGRLGFGHDSRRSFSTTDVDFYRWTQWIFLQIYNAWFDTTANKARPISELVAEFESGARCLDGGRDWAKLTAGERADVIDEYRLVYRADSLVNWCPGLGTVLANEEVTADGRSDRGNFPVFRKRLRQWMMRITAYADRLLDDLDVLDWPEQVKTMQRNWIGRSTGAVALFSARAASDDGFEVDIEVFTTRPDTLFGATYLVLAPEHDLVDELVAASWPAGVNPLWTYGGGTPGEAIAAYRRAIAAKSDLERQESREKTGVFLGSYAINPANGEPVPIFIADYVLAGYGTGAIMAVPGHDQRDWDFARAFGLPIVEVIAGGNISESAYTGDGILVNSDYLNGMSVPAAKRAIVDRLESAGRGRARIEFKLRDWLFARQRYWGEPFPIVYDSDGRPHALDEAALPVELPDVPDYSPVLFDPDDADSEPSPPLAKATEWVHVDLDLGDGLKPYSRDTNVMPQWAGSSWYELRYTDPHNSERFCAKENEAYWMGPRPAEHGPDDPGGVDLYVGGAEHAVLHLLYSRFWHKVLYDLGHVSSREPYRRLVNQGYIQAYAYTDARGSYVPAEQVIERGDRFVYPGPDGEVEVFQEFGKIGKSLKNSVSPDEICDAYGADTLRVYEMSMGPLEASRPWATKDVVGAYRFLQRVWRLVVDEHTGETRVADGVELDIDTLRALHRTIVGVSEDFAALRNNTATAKLIEYTNHLTKKHRDAVPRAAVEPLVQMLAPLAPHIAEELWLRLGNTTSLAHGPFPKADAAYLVDETVEYPVQVNGKVRGRVVVAADTDEETLKAAVLTDEKVQAFLAGATPRKVIVVAGRLVNLVI,0
COCC(=O)N1CCCCN2[C@@H](CO)[C@@H]([C@H]2C1)c1ccc(cc1)C#Cc1cccnc1,MAAQKKKAQDEYGAASITILEGLEAVRKRPGMYIGSTGERGLHHLIWEVVDNAVDEAMAGYATTVNVVLLEDGGVEVADDGRGIPVATHASGIPTVDVVMTQLHAGGKFDSDAYAISGGLHGVGVSVVNALSTRLEVEIKRDGYEWSQVYEKSEPLGLKQGAPTKKTGSTVRFWADPAVFETTEYDFETVARRLQEMAFLNKGLTINLTDERVTQDEVVDEVVSDVAEAPKSASERAAESTAPHKVKSRTFHYPGGLVDFVKHINRTKNAIHSSIVDFSGKGTGHEVEIAMQWNAGYSESVHTFANTINTHEGGTHEEGFRSALTSVVNKYAKDRKLLKDKDPNLTGDDIREGLAAVISVKVSEPQFEGQTKTKLGNTEVKSFVQKVCNEQLTHWFEANPTDAKVVVNKAVSSAQARIAARKARELVRRKSATDIGGLPGKLADCRSTDPRKSELYVVEGDSAGGSAKSGRDSMFQAILPLRGKIINVEKARIDRVLKNTEVQAIITALGTGIHDEFDIGKLRYHKIVLMADADVDGQHISTLLLTLLFRFMRPLIENGHVFLAQPPLYKLKWQRSDPEFAYSDRERDGLLEAGLKAGKKINKEDGIQRYKGLGEMDAKELWETTMDPSVRVLRQVTLDDAAAADELFSILMGEDVDARRSFITRNAKDVRFLDV,0
OC[C@H]1[C@H](c2ccccc2)C2(CN(C2)C(=O)c2ccccc2)N1CC1CC1,MTLSSGEPSAVGGRHRVVIIGSGFGGLNAAKALKRADVDITLISKTTTHLFQPLLYQVATGILSEGDIAPTTRLILRRQKNVRVLLGEVNAIDLKAQTVTSKLMDMTTVTPYDSLIVAAGAQQSYFGNDEFATFAPGMKTIDDALELRGRILGAFEAAEVSTDHAERERRLTFVVVGAGPTGVEVAGQIVELAERTLAGAFRTITPSECRVILLDAAPAVLPPMGPKLGLKAQRRLEKMDVEVQLNAMVTAVDYKGITIKEKDGGERRIECACKVWAAGVAASPLGKMIAEGSDGTEIDRAGRVIVEPDLTVKGHPNVFVVGDLMFVPGVPGVAQGAIQGARYATTVIKHMVKGNDDPANRKPFHYFNKGSMATISRHSAVAQVGKLEFAGYFAWLAWLVLHLVYLVGYRNRIAALFAWGISFMGRARGQMAITSQMIYARLVMTLMEQQAQGALAAAEQAEHAEQEAAG,0
Nc1ncnc2n(cnc12)[C@@H]1O[C@H](CO)[C@@H](O)[C@H]1O,MPIIEQVRAREILDSRGNPTVEVEVALIDGTFARAAVPSGASTGEHEAVELRDGGDRYGGKGVQKAVQAVLDEIGPAVIGLNADDQRLVDQALVDLDGTPDKSRLGGNAILGVSLAVAKAAADSAELPLFRYVGGPNAHILPVPMMNILNGGAHADTAVDIQEFMVAPIGAPSFVEALRWGAEVYHALKSVLKKEGLSTGLGDEGGFAPDVAGTTAALDLISRAIESAGLRPGADVALALDAAATEFFTDGTGYVFEGTTRTADQMTEFYAGLLGAYPLVSIEDPLSEDDWDGWAALTASIGDRVQIVGDDIFVTNPERLEEGIERGVANALLVKVNQIGTLTETLDAVTLAHHGGYRTMISHRSGETEDTMIADLAVAIGSGQIKTGAPARSERVAKYNQLLRIEEALGDAARYAGDLAFPRFACETK,0
CSc1nnc(-c2cc3c(nn(C)c3s2)-c2ccccc2)n1C,MPNTNPVAAWKALKEGNERFVAGRPQHPSQSVDHRAGLAAGQKPTAVIFGCADSRVAAEIIFDQGLGDMFVVRTAGHVIDSAVLGSIEYAVTVLNVPLIVVLGHDSCGAVNAALAAINDGTLPGGYVRDVVERVAPSVLLGRRDGLSRVDEFEQRHVHETVAILMARSSAISERIAGGSLAIVGVTYQLDDGRAVLRDHIGNIGEEV,0
CN(Cc1cccnc1)C(=O)c1ccc2nc(Cc3ccccc3F)oc2c1,MFVTGESGMAYHNPFIVNGKIRFPANTNLVRHVEKWAKVRGDKLAYRFLDFSTERDGVARDILWSDFSARNRAVGARLQQVTQPGDRVAILCPQNLDYLISFFGALYSGRIAVPLFDPAEPGHVGRLHAVLDDCAPSTILTTTDSAEGVRKFIRARSAKERPRVIAVDAVPTEVAATWQQPEANEETVAYLQYTSGSTRIPSGVQITHLNLPTNVVQVLNALEGQEGDRGVSWLPFFHDMGLITVLLASVLGHSFTFMTPAAFVRRPGRWIRELARKPGETGGTFSAAPNFAFEHAAVRGVPRDDEPPLDLSNVKGILNGSEPVSPASMRKFFEAFAPYGLKQTAVKPSYGLAEATLFVSTTPMDEVPTVIHVDRDELNNQRFVEVAADAPNAVAQVSAGKVGVSEWAVIVDADTASELPDGQIGEIWLHGNNLGTGYWGKEEESAQTFKNILKSRISESRAEGAPDDALWVRTGDYGTYFKDHLYIAGRIKDLVIIDGRNHYPQDLECTAQESTKALRVGYAAAFSVPANQLPQTVFDDSHAGLKFDPEDTSEQLVIVGERAAGTHKLDHQPIVDDIRAAIAVGHGVTVRDVLLVSAGTIPRTSSGKIGRRACRAAYLDGSLRSGVGSPTVFATSD,0
CO[C@H]1CN(C)C(=O)c2cc(NC(C)=O)ccc2OC[C@H](C)N(C[C@H]1C)C(=O)c1cccnc1,MFVLRSHAAGLLREGDAGQQVTLAGWVARRRDHGGVIFIDLRDASGIAQVVFRDPQDTEVLAQAHRLRAEFCVSVAGVVEIRPEGNANPEIATGEIEVNATSLTVLGECAPLPFQLDEPAGEELRLKYRYLDLRRDDPAAAIRLRSRVNAAARAVLARHDFVEIETPTITRSTPEGARDFLVPARLHPGSFYALPQSPQLFKQLLMVAGMERYYQIARCYRDEDFRADRQPEFTQLDMEMSFVDAEDIIAISEEVLTELWALIGYRIPTPIPRIGYAEAMRRFGTDKPDLRFGLELVECTDFFSDTTFRVFQAPYVGAVVMPGGASQPRRTLDGWQDWAKQRGHRGLAYVLVAEDGTLGGPVAKNLTEAERTGLADHVGAKPGDCIFFSAGPVKSSRALLGAARVEIANRLGLIDPDAWAFVWVVDPPLFEPADEATAAGEVAVGSGAWTAVHHAFTAPKPEWEDRIESDTGSVLADAYDIVCNGHEIGGGSVRIHRRDIQERVFAVMGLDKAEAEEKFGFLLEAFMFGAPPHGGIAFGWDRTTALLAGMDSIREVIAFPKTGGGVDPLTDAPAPITAQQRKESGIDAQPKRVQQA,0
CC12CC3CC(C)(C1)CC(N)(C3)C2,MTESPTAGPGGVPRADDADSDVPRYRYTAELAARLERTWQENWARLGTFNVPNPVGSLAPPDGAAVPDDKLFVQDMFPYPSGEGLHVGHPLGYIATDVYARYFRMVGRNVLHALGFDAFGLPAEQYAVQTGTHPRTRTEANVVNFRRQLGRLGFGHDSRRSFSTTDVDFYRWTQWIFLQIYNAWFDTTANKARPISELVAEFESGARCLDGGRDWAKLTAGERADVIDEYRLVYRADSLVNWCPGLGTVLANEEVTADGRSDRGNFPVFRKRLRQWMMRITAYADRLLDDLDVLDWPEQVKTMQRNWIGRSTGAVALFSARAASDDGFEVDIEVFTTRPDTLFGATYLVLAPEHDLVDELVAASWPAGVNPLWTYGGGTPGEAIAAYRRAIAAKSDLERQESREKTGVFLGSYAINPANGEPVPIFIADYVLAGYGTGAIMAVPGHDQRDWDFARAFGLPIVEVIAGGNISESAYTGDGILVNSDYLNGMSVPAAKRAIVDRLESAGRGRARIEFKLRDWLFARQRYWGEPFPIVYDSDGRPHALDEAALPVELPDVPDYSPVLFDPDDADSEPSPPLAKATEWVHVDLDLGDGLKPYSRDTNVMPQWAGSSWYELRYTDPHNSERFCAKENEAYWMGPRPAEHGPDDPGGVDLYVGGAEHAVLHLLYSRFWHKVLYDLGHVSSREPYRRLVNQGYIQAYAYTDARGSYVPAEQVIERGDRFVYPGPDGEVEVFQEFGKIGKSLKNSVSPDEICDAYGADTLRVYEMSMGPLEASRPWATKDVVGAYRFLQRVWRLVVDEHTGETRVADGVELDIDTLRALHRTIVGVSEDFAALRNNTATAKLIEYTNHLTKKHRDAVPRAAVEPLVQMLAPLAPHIAEELWLRLGNTTSLAHGPFPKADAAYLVDETVEYPVQVNGKVRGRVVVAADTDEETLKAAVLTDEKVQAFLAGATPRKVIVVAGRLVNLVI,0
OC[C@H]1Nc2ccc(cc2[C@H]2[C@@H]1CCN2C(=O)Cc1cccnc1)C#Cc1ccccc1F,MFVLRSHAAGLLREGDAGQQVTLAGWVARRRDHGGVIFIDLRDASGIAQVVFRDPQDTEVLAQAHRLRAEFCVSVAGVVEIRPEGNANPEIATGEIEVNATSLTVLGECAPLPFQLDEPAGEELRLKYRYLDLRRDDPAAAIRLRSRVNAAARAVLARHDFVEIETPTITRSTPEGARDFLVPARLHPGSFYALPQSPQLFKQLLMVAGMERYYQIARCYRDEDFRADRQPEFTQLDMEMSFVDAEDIIAISEEVLTELWALIGYRIPTPIPRIGYAEAMRRFGTDKPDLRFGLELVECTDFFSDTTFRVFQAPYVGAVVMPGGASQPRRTLDGWQDWAKQRGHRGLAYVLVAEDGTLGGPVAKNLTEAERTGLADHVGAKPGDCIFFSAGPVKSSRALLGAARVEIANRLGLIDPDAWAFVWVVDPPLFEPADEATAAGEVAVGSGAWTAVHHAFTAPKPEWEDRIESDTGSVLADAYDIVCNGHEIGGGSVRIHRRDIQERVFAVMGLDKAEAEEKFGFLLEAFMFGAPPHGGIAFGWDRTTALLAGMDSIREVIAFPKTGGGVDPLTDAPAPITAQQRKESGIDAQPKRVQQA,0
OC[C@H]1O[C@@H](CC(=O)NC2CCCC2)C[C@H]2[C@@H]1Oc1ccc(NC(=O)NC3CCCC3)cc21,MLSAFISSLRTVDLRRKILFTLGIVILYRVGAALPSPGVNFPNVQQCIKEASAGEAGQIYSLINLFSGGALLKLTVFAVGVMPYITASIIVQLLTVVIPRFEELRKEGQAGQSKMTQYTRYLAIALAILQATSIVALAANGGLLQGCSLDIIADQSIFTLVVIVLVMTGGAALVMWMGELITERGIGNGMSLLIFVGIAARIPAEGQSILESRGGVVFTAVCAAALIIIVGVVFVEQGQRRIPVQYAKRMVGRRMYGGTSTYLPLKVNQAGVIPVIFASSLIYIPHLITQLIRSGSGVVGNSWWDKFVGTYLSDPSNLVYIGIYFGLIIFFTYFYVSITFNPDERADEMKKFGGFIPGIRPGRPTADYLRYVLSRITLPGSIYLGVIAVLPNLFLQIGAGGTVQNLPFGGTAVLIMIGVGLDTVKQIESQLMQRNYEGFLK,0
